dataset,activity,featureset,t-statistic,p-value
toxcast,TOX21_PPARg_BLA_antagonist_viability,structural,5.872438858193014,7.10151915483001e-08
toxcast,TOX21_PPARg_BLA_antagonist_viability,image,-68.26657033845359,2.606392442704079e-79
toxcast,BSK_3C_MIG_down,structural,3.7993222352545444,0.00027003601199024953
toxcast,BSK_3C_MIG_down,image,-0.21270677370095897,0.8320590612586598
toxcast,TOX21_VDR_BLA_Antagonist_ch1,structural,8.825926970526373,7.926101184905414e-14
toxcast,TOX21_VDR_BLA_Antagonist_ch1,image,-36.60563223765032,7.7371588058429225e-56
toxcast,ATG_E2F_CIS_dn,structural,6.916554057452193,1.5151512973255053e-08
toxcast,ATG_E2F_CIS_dn,image,-4.6353937875361115,3.181918928751714e-05
toxcast,BSK_SAg_Proliferation_down,structural,1.5729256385734922,0.11686528627356027
toxcast,BSK_SAg_Proliferation_down,image,8.561269953621236,7.527019320775594e-16
toxcast,BSK_hDFCGF_Proliferation_down,structural,0.32560865349985224,0.7449359619525544
toxcast,BSK_hDFCGF_Proliferation_down,image,9.817435151028103,4.968636126708864e-20
toxcast,BSK_BE3C_SRB_down,structural,4.235754181404847,5.919955367890653e-05
toxcast,BSK_BE3C_SRB_down,image,-1.6381701930377386,0.1052180190194822
toxcast,ATG_IR1_CIS_dn,structural,6.440789112792307,1.4792042336196903e-09
toxcast,ATG_IR1_CIS_dn,image,-5.487550103452804,1.6673412610127425e-07
toxcast,BSK_KF3CT_TGFb1_down,structural,3.1224249326820335,0.0022045276066431723
toxcast,BSK_KF3CT_TGFb1_down,image,1.5961952785732356,0.1128365616718221
toxcast,BSK_4H_SRB_down,structural,3.046933693228704,0.0026722165152221755
toxcast,BSK_4H_SRB_down,image,5.6643532877988605,6.00056053365311e-08
toxcast,TOX21_p53_BLA_p1_ch1,structural,4.264265361437801,2.5398744510192703e-05
toxcast,TOX21_p53_BLA_p1_ch1,image,0.0076194140058941295,0.9939246869574154
toxcast,TOX21_ESRE_BLA_ch2,structural,9.626430131479715,6.612958170717126e-15
toxcast,TOX21_ESRE_BLA_ch2,image,-84.2789929079474,2.277253077576853e-78
toxcast,ATG_MRE_CIS_up,structural,3.6918076375941613,0.0002567522195112618
toxcast,ATG_MRE_CIS_up,image,6.82067678872158,3.7877977087942765e-11
toxcast,BSK_SAg_CD69_down,structural,2.9695075722053406,0.0033715715440711816
toxcast,BSK_SAg_CD69_down,image,6.260913791180199,2.535863308545322e-09
toxcast,ATG_NURR1_TRANS_up,structural,8.464675374605095,1.5625524369159184e-13
toxcast,ATG_NURR1_TRANS_up,image,-7.993354026266839,1.7218661033522484e-12
toxcast,BSK_3C_Vis_down,structural,2.3240823051888966,0.02110540191148825
toxcast,BSK_3C_Vis_down,image,6.904282761322897,6.264890181073584e-11
toxcast,BSK_SAg_CD40_down,structural,2.2140576887774603,0.02788020648343507
toxcast,BSK_SAg_CD40_down,image,6.908856552121536,5.504228007226897e-11
toxcast,ATG_GATA_CIS_dn,structural,5.9875070060444235,4.921553638751584e-07
toxcast,ATG_GATA_CIS_dn,image,-2.2147729492474006,0.032535257918426125
toxcast,NCCT_QuantiLum_inhib_2_dn,structural,2.2098925685364224,0.03191511223183304
toxcast,NCCT_QuantiLum_inhib_2_dn,image,-1.2073313027040753,0.23322039275863513
toxcast,TOX21_p53_BLA_p2_viability,structural,9.654321775782067,5.69104980292459e-20
toxcast,TOX21_p53_BLA_p2_viability,image,-62.409878585613406,6.369699667650634e-209
toxcast,BSK_SAg_Eselectin_down,structural,3.3657385665662964,0.0009255162529139267
toxcast,BSK_SAg_Eselectin_down,image,5.01759390228504,1.2074929297676242e-06
toxcast,BSK_3C_uPAR_down,structural,2.5282799286717843,0.012293858210623345
toxcast,BSK_3C_uPAR_down,image,6.631095326099611,3.5124057509872783e-10
toxcast,BSK_hDFCGF_IP10_down,structural,1.895026131685922,0.05950311739577093
toxcast,BSK_hDFCGF_IP10_down,image,3.1528925205729714,0.0018603585593958906
toxcast,ATG_NRF2_ARE_CIS_up,structural,1.1199153322930981,0.2632422319614555
toxcast,ATG_NRF2_ARE_CIS_up,image,-10.622856058394435,4.348022626953031e-24
toxcast,ATG_ERE_CIS_dn,structural,4.5709812338512466,1.2772425742029029e-05
toxcast,ATG_ERE_CIS_dn,image,-1.3811202678844534,0.17004131689571797
toxcast,BSK_CASM3C_SAA_down,structural,3.7589708857620963,0.00035026081009082393
toxcast,BSK_CASM3C_SAA_down,image,-3.3512396610375017,0.0012998467594258721
toxcast,TOX21_GR_BLA_Antagonist_viability,structural,5.9772236772545595,7.928678937445045e-09
toxcast,TOX21_GR_BLA_Antagonist_viability,image,-48.312410057825666,1.5190000286462856e-127
toxcast,ATG_THRa1_TRANS_up,structural,4.1617423462718595,9.335749388002944e-05
toxcast,ATG_THRa1_TRANS_up,image,-6.6061914596675795,8.07447471424865e-09
toxcast,TOX21_HSE_BLA_agonist_ch1,structural,5.201444410635368,6.131576524695571e-07
toxcast,TOX21_HSE_BLA_agonist_ch1,image,-79.66032110561571,2.865223196356945e-128
toxcast,TOX21_FXR_BLA_Antagonist_ch2,structural,7.121086946008275,3.195041836183255e-11
toxcast,TOX21_FXR_BLA_Antagonist_ch2,image,-40.088877560828855,1.1901127415543794e-86
toxcast,CEETOX_H295R_ESTRONE_up,structural,3.177850861531824,0.00285965699141632
toxcast,CEETOX_H295R_ESTRONE_up,image,-2.387512194438073,0.021777304489356986
toxcast,ATG_IR1_CIS_up,structural,7.743599662246751,7.079336776037854e-10
toxcast,ATG_IR1_CIS_up,image,-6.058984957726623,2.362207608363658e-07
toxcast,TOX21_AutoFluor_HEK293_Media_blue,structural,6.983318068205479,9.652607569553422e-09
toxcast,TOX21_AutoFluor_HEK293_Media_blue,image,-63.79908290506047,1.5144399376489216e-46
toxcast,BSK_hDFCGF_EGFR_up,structural,4.5894740827686356,4.7435996512647874e-05
toxcast,BSK_hDFCGF_EGFR_up,image,-0.033563460736140735,0.9734009425589838
toxcast,APR_HepG2_MicrotubuleCSK_24h_up,structural,6.097085904354183,2.4294385376248527e-07
toxcast,APR_HepG2_MicrotubuleCSK_24h_up,image,-5.199352895987134,4.9783128930183056e-06
toxcast,ATG_RXRa_TRANS_up,structural,8.547153993433092,7.465385897559725e-12
toxcast,ATG_RXRa_TRANS_up,image,-5.275424850305919,2.054883401064486e-06
toxcast,BSK_3C_HLADR_down,structural,-1.1115956674245717,0.2673468139092577
toxcast,BSK_3C_HLADR_down,image,8.225833300548603,9.601709602612216e-15
toxcast,ATG_STAT3_CIS_dn,structural,6.705882056291573,3.834942574414208e-08
toxcast,ATG_STAT3_CIS_dn,image,-0.979157095543112,0.3331090410547759
toxcast,ATG_RARa_TRANS_dn,structural,7.889894975508236,1.7126455659099223e-12
toxcast,ATG_RARa_TRANS_dn,image,-5.393970403601287,3.598510619472809e-07
toxcast,ATG_E_Box_CIS_up,structural,5.81197767671078,3.4082691899931825e-07
toxcast,ATG_E_Box_CIS_up,image,-7.031225495671526,3.665971382724007e-09
toxcast,BSK_3C_Proliferation_down,structural,-0.06474932765128555,0.9484191397793786
toxcast,BSK_3C_Proliferation_down,image,9.033148196092737,2.6310512957888836e-17
toxcast,CEETOX_H295R_ESTRADIOL_up,structural,2.9558797466706914,0.0052072627121019
toxcast,CEETOX_H295R_ESTRADIOL_up,image,-1.1802082614289422,0.24488853281272965
toxcast,TOX21_p53_BLA_p2_ratio,structural,5.142758062220952,3.5155945057936066e-07
toxcast,TOX21_p53_BLA_p2_ratio,image,-61.361170221499364,2.6167332448009742e-284
toxcast,ATG_Sp1_CIS_up,structural,6.422393512940795,1.7747785157266962e-09
toxcast,ATG_Sp1_CIS_up,image,3.6077626663700513,0.00042344956929554067
toxcast,TOX21_ARE_BLA_Agonist_ch2,structural,8.570748908956476,2.2050133124456237e-16
toxcast,TOX21_ARE_BLA_Agonist_ch2,image,-71.8947840369762,2.488811973715569e-232
toxcast,OT_NURR1_NURR1RXRa_0480,structural,7.421497496315702,2.244771547477852e-11
toxcast,OT_NURR1_NURR1RXRa_0480,image,-1.1277957755503534,0.2617742165860198
toxcast,BSK_hDFCGF_MMP1_down,structural,3.540578640839528,0.0005602381342612301
toxcast,BSK_hDFCGF_MMP1_down,image,1.4929434700595285,0.13795178949527045
toxcast,ATG_CMV_CIS_up,structural,3.519966701010516,0.0005014994597048194
toxcast,ATG_CMV_CIS_up,image,-7.270286452966743,3.395455668401859e-12
toxcast,ATG_NF_kB_CIS_dn,structural,5.487418210684617,2.1475260275625524e-07
toxcast,ATG_NF_kB_CIS_dn,image,-0.37539708667296867,0.7079963739743489
toxcast,BSK_3C_Thrombomodulin_up,structural,6.214831299337556,6.782989253444407e-08
toxcast,BSK_3C_Thrombomodulin_up,image,-2.308785919971506,0.02466986664375386
toxcast,BSK_CASM3C_SRB_down,structural,4.399312017634382,2.6336761772624564e-05
toxcast,BSK_CASM3C_SRB_down,image,0.3324553910027374,0.7402145833895144
toxcast,APR_HepG2_MicrotubuleCSK_72h_up,structural,4.104035339906912,0.00013308818220449038
toxcast,APR_HepG2_MicrotubuleCSK_72h_up,image,-6.7764249133905565,8.097207316054343e-09
toxcast,APR_HepG2_MitoMass_72h_dn,structural,6.317290311130008,3.6046022322157094e-08
toxcast,APR_HepG2_MitoMass_72h_dn,image,-5.560934900880724,6.557487351158408e-07
toxcast,APR_HepG2_CellLoss_72h_dn,structural,1.1755840323864986,0.24090694132049822
toxcast,APR_HepG2_CellLoss_72h_dn,image,6.830806984756638,6.680372113523083e-11
toxcast,TOX21_VDR_BLA_agonist_ratio,structural,7.398364101647188,7.155115649554511e-09
toxcast,TOX21_VDR_BLA_agonist_ratio,image,-72.46535512983998,2.4105375374090265e-42
toxcast,BSK_CASM3C_MCP1_down,structural,4.202314531191867,5.922121246121186e-05
toxcast,BSK_CASM3C_MCP1_down,image,0.00046926110202446023,0.999626557581645
toxcast,ATG_PXRE_CIS_up,structural,-3.938464609129536,9.051560502438122e-05
toxcast,ATG_PXRE_CIS_up,image,-0.07732047697995155,0.9383914804245391
toxcast,TOX21_VDR_BLA_Agonist_viability,structural,7.084579038274102,6.512818359003162e-12
toxcast,TOX21_VDR_BLA_Agonist_viability,image,-43.895657426951395,2.1697903791191516e-153
toxcast,BSK_SAg_PBMCCytotoxicity_down,structural,3.60817935842619,0.0004263943169536991
toxcast,BSK_SAg_PBMCCytotoxicity_down,image,0.1786173266177736,0.8584927732905346
toxcast,BSK_KF3CT_uPA_down,structural,4.339043283424323,3.001546926972746e-05
toxcast,BSK_KF3CT_uPA_down,image,0.04045585084203096,0.9677969363028667
toxcast,BSK_3C_ICAM1_down,structural,3.7645208668405226,0.0003169967423370068
toxcast,BSK_3C_ICAM1_down,image,-2.876174356660221,0.005157388526528244
toxcast,TOX21_AR_LUC_MDAKB2_Agonist,structural,-0.7873327642037372,0.43163558883335895
toxcast,TOX21_AR_LUC_MDAKB2_Agonist,image,-190.6928290262514,0.0
toxcast,BSK_BE3C_TGFb1_down,structural,5.268558074086396,6.904439347371729e-07
toxcast,BSK_BE3C_TGFb1_down,image,-0.10664129448150385,0.9152678027073875
toxcast,NVS_NR_hPXR,structural,3.161833253007621,0.002458950503650696
toxcast,NVS_NR_hPXR,image,-2.219853230710016,0.030218978594644858
toxcast,TOX21_PPARd_BLA_Antagonist_ch1,structural,9.042249008562935,2.986590645294873e-12
toxcast,TOX21_PPARd_BLA_Antagonist_ch1,image,-50.591356270862,6.6537177079146e-46
toxcast,TOX21_ARE_BLA_agonist_ratio,structural,5.491756930846827,5.122321968704802e-08
toxcast,TOX21_ARE_BLA_agonist_ratio,image,-0.008193016352221003,0.9934647302918491
toxcast,TOX21_p53_BLA_p2_ch1,structural,7.669948068627396,2.1171064255142742e-13
toxcast,TOX21_p53_BLA_p2_ch1,image,-73.47944352507749,1.4326505559902801e-201
toxcast,APR_HepG2_CellCycleArrest_24h_up,structural,5.117225466355389,8.143359564063382e-06
toxcast,APR_HepG2_CellCycleArrest_24h_up,image,-5.271988713797356,4.9588332507364655e-06
toxcast,BSK_KF3CT_MCP1_down,structural,4.5018230643040305,1.5145602658936984e-05
toxcast,BSK_KF3CT_MCP1_down,image,0.6446989348467591,0.5202943524718138
toxcast,CEETOX_H295R_TESTO_dn,structural,3.6694691133041064,0.0004310628930613247
toxcast,CEETOX_H295R_TESTO_dn,image,-2.2477213758966825,0.027278975783282842
toxcast,TOX21_HSE_BLA_agonist_viability,structural,7.174602145204507,2.169829829926069e-10
toxcast,TOX21_HSE_BLA_agonist_viability,image,-106.38837903897368,9.38993169416802e-95
toxcast,ATG_FXR_TRANS_up,structural,5.644959997540175,5.204366674433082e-07
toxcast,ATG_FXR_TRANS_up,image,-5.861862290966554,2.3001940021650526e-07
toxcast,BSK_hDFCGF_MCSF_down,structural,2.646652874415644,0.008875011945571425
toxcast,BSK_hDFCGF_MCSF_down,image,0.42186246484070966,0.673646155203535
toxcast,TOX21_TR_LUC_GH3_Antagonist,structural,-2.865067087707488,0.004234364529831346
toxcast,TOX21_TR_LUC_GH3_Antagonist,image,0.01367631715998488,0.9890902567368725
toxcast,BSK_CASM3C_HLADR_down,structural,3.238313634934112,0.0015316254506094861
toxcast,BSK_CASM3C_HLADR_down,image,-0.8056006724742193,0.4219671740019454
toxcast,ATG_BRE_CIS_up,structural,5.622158206678949,5.8472889668556353e-08
toxcast,ATG_BRE_CIS_up,image,-7.516389766267323,1.5206510387910882e-12
toxcast,ATG_Myc_CIS_up,structural,7.400624246479715,1.1942820125106752e-10
toxcast,ATG_Myc_CIS_up,image,-7.267665275238265,2.1616231174269298e-10
toxcast,TOX21_ERa_BLA_Antagonist_ch1,structural,9.923120921172425,3.4589711920050805e-19
toxcast,TOX21_ERa_BLA_Antagonist_ch1,image,-33.8161698376917,1.4161486879433412e-85
toxcast,BSK_SAg_CD38_down,structural,2.5843125053871976,0.01050747682982383
toxcast,BSK_SAg_CD38_down,image,6.429088331292855,1.011827887456372e-09
toxcast,ATG_Sox_CIS_up,structural,7.2948830525483395,1.0253331489482552e-10
toxcast,ATG_Sox_CIS_up,image,-5.8461001239358055,7.585617271692486e-08
toxcast,BSK_BE3C_uPAR_down,structural,4.817225193170674,5.3075262216983665e-06
toxcast,BSK_BE3C_uPAR_down,image,-0.465497684486468,0.6426079183998994
toxcast,NCCT_HEK293T_CellTiterGLO,structural,-3.5201553264626426,0.0005800638961234657
toxcast,NCCT_HEK293T_CellTiterGLO,image,8.221218837073918,1.1482798901987367e-13
toxcast,NVS_NR_hPPARg,structural,3.7197333252713554,0.0003208780185922682
toxcast,NVS_NR_hPPARg,image,1.1643014628615551,0.2469156788520996
toxcast,BSK_BE3C_tPA_down,structural,4.5666145430295275,1.3206342918283091e-05
toxcast,BSK_BE3C_tPA_down,image,0.19205563844423854,0.8480592705294637
toxcast,TOX21_PPARg_BLA_Agonist_ch2,structural,9.694378643740238,3.6507318973972787e-17
toxcast,TOX21_PPARg_BLA_Agonist_ch2,image,-32.29548369058169,4.3396584082559e-65
toxcast,Tanguay_ZF_120hpf_MORT_up,structural,2.5625220966669304,0.012680412735076226
toxcast,Tanguay_ZF_120hpf_MORT_up,image,0.14522359123774323,0.8849769356735513
toxcast,BSK_3C_Eselectin_down,structural,2.6403582264228684,0.008963171204642519
toxcast,BSK_3C_Eselectin_down,image,5.67805118141567,4.975634552127376e-08
toxcast,ATG_ERa_TRANS_up,structural,-0.48218276229696344,0.6299675282768937
toxcast,ATG_ERa_TRANS_up,image,-15.386817443656374,1.8459574817022332e-41
toxcast,TOX21_p53_BLA_p5_ch1,structural,7.263607107858726,4.457134983927004e-12
toxcast,TOX21_p53_BLA_p5_ch1,image,-0.032515004998004825,0.9740864899028112
toxcast,TOX21_ERa_LUC_BG1_Agonist,structural,6.621078084191942,6.840906939034705e-11
toxcast,TOX21_ERa_LUC_BG1_Agonist,image,-92.49953592406456,0.0
toxcast,TOX21_p53_BLA_p4_ch2,structural,8.303083586128063,1.0498389078845627e-15
toxcast,TOX21_p53_BLA_p4_ch2,image,-45.143203355979736,1.6777578708437295e-174
toxcast,CEETOX_H295R_OHPROG_dn,structural,-0.7467883313621155,0.4571378140901514
toxcast,CEETOX_H295R_OHPROG_dn,image,-2.332212161873659,0.02192063433313561
toxcast,TOX21_GR_BLA_Antagonist_ch2,structural,4.731816881592094,3.2478121996284027e-06
toxcast,TOX21_GR_BLA_Antagonist_ch2,image,-67.79060620616744,7.401878457196045e-202
toxcast,BSK_SAg_SRB_down,structural,3.3232881680251984,0.0010845635471214924
toxcast,BSK_SAg_SRB_down,image,5.918247070085664,1.6899217654243535e-08
toxcast,BSK_hDFCGF_CollagenIII_down,structural,2.882513821302647,0.004385368509735155
toxcast,BSK_hDFCGF_CollagenIII_down,image,6.0110230830179585,8.850853611157549e-09
toxcast,Tanguay_ZF_120hpf_BRAI_up,structural,4.430108981475851,7.730666742595315e-05
toxcast,Tanguay_ZF_120hpf_BRAI_up,image,-0.9891501717107336,0.32884654767512533
toxcast,TOX21_AutoFluor_HEK293_Cell_blue,structural,7.32907967795672,3.775895894564904e-09
toxcast,TOX21_AutoFluor_HEK293_Cell_blue,image,-61.10291895614162,3.447236110728994e-44
toxcast,APR_HepG2_CellCycleArrest_24h_dn,structural,5.78520976510353,9.45690033151563e-08
toxcast,APR_HepG2_CellCycleArrest_24h_dn,image,1.825262568219207,0.07113711023440665
toxcast,ATG_PPARg_TRANS_up,structural,-0.016838044843265284,0.9865738913156322
toxcast,ATG_PPARg_TRANS_up,image,-2.0436277094342934,0.0416197373871194
toxcast,BSK_BE3C_PAI1_down,structural,4.386443242429855,2.3126745608436532e-05
toxcast,BSK_BE3C_PAI1_down,image,2.1651291723850217,0.032148899859327604
toxcast,ATG_p53_CIS_up,structural,4.738360020916713,2.103119692614631e-05
toxcast,ATG_p53_CIS_up,image,-6.201052373848448,1.4456938426995982e-07
toxcast,TOX21_NFkB_BLA_agonist_ch2,structural,8.360616335085309,8.471733908792665e-13
toxcast,TOX21_NFkB_BLA_agonist_ch2,image,-96.42001155213488,5.023006570419991e-91
toxcast,TOX21_Aromatase_Inhibition,structural,2.436341506567906,0.015048538855512428
toxcast,TOX21_Aromatase_Inhibition,image,-58.34679206649524,3.9249826366185e-294
toxcast,BSK_hDFCGF_TIMP1_down,structural,3.1598079720882746,0.0020483532147215554
toxcast,BSK_hDFCGF_TIMP1_down,image,-2.783434388848569,0.006351146688992338
toxcast,BSK_4H_uPAR_down,structural,2.134073008915097,0.03427041889869968
toxcast,BSK_4H_uPAR_down,image,5.147495818462915,7.230898510806275e-07
toxcast,TOX21_PPARg_BLA_Agonist_ratio,structural,10.12713396628302,2.5339669290896324e-19
toxcast,TOX21_PPARg_BLA_Agonist_ratio,image,-79.57276380459331,4.589710844027891e-141
toxcast,BSK_CASM3C_MCSF_down,structural,3.8420975042177123,0.00019793584037276887
toxcast,BSK_CASM3C_MCSF_down,image,0.8974289898414134,0.37131742783011323
toxcast,TOX21_GR_BLA_Antagonist_ratio,structural,1.5161231211698882,0.13032845457399278
toxcast,TOX21_GR_BLA_Antagonist_ratio,image,-45.83674694171157,5.328249331246439e-156
toxcast,TOX21_VDR_BLA_agonist_ch2,structural,5.4317480075888716,2.0381328214532418e-06
toxcast,TOX21_VDR_BLA_agonist_ch2,image,-81.87854623473507,1.733503153375431e-51
toxcast,TOX21_ERa_LUC_BG1_Antagonist,structural,7.761595107549647,4.9911643940668206e-14
toxcast,TOX21_ERa_LUC_BG1_Antagonist,image,-45.16090054008648,4.85859086453215e-176
toxcast,BSK_BE3C_IP10_down,structural,3.5643696059917103,0.00047228174999070047
toxcast,BSK_BE3C_IP10_down,image,0.06011380275499523,0.9521347861461014
toxcast,BSK_hDFCGF_IL8_down,structural,3.287134009269773,0.0014552423213188646
toxcast,BSK_hDFCGF_IL8_down,image,-1.3661889368574744,0.1753607666753995
toxcast,OT_AR_ARELUC_AG_1440,structural,3.5109213585570402,0.0007644720437489022
toxcast,OT_AR_ARELUC_AG_1440,image,-7.938529706860284,1.6926661766285106e-11
toxcast,TOX21_MMP_viability,structural,8.009154902691513,3.7849612509202777e-13
toxcast,TOX21_MMP_viability,image,-11.650039571562766,1.9651406383377261e-22
toxcast,ATG_PXRE_CIS_dn,structural,4.836646896337394,3.5242727248763183e-06
toxcast,ATG_PXRE_CIS_dn,image,3.785043177555666,0.00022964332250304697
toxcast,NVS_NR_hER,structural,-2.067624940513557,0.040155422580416884
toxcast,NVS_NR_hER,image,-2.029149311589849,0.0439669331691005
toxcast,APR_HepG2_p53Act_24h_up,structural,5.31499903154071,5.361612176776892e-07
toxcast,APR_HepG2_p53Act_24h_up,image,2.6413163847175274,0.009417327443398895
toxcast,BSK_LPS_MCP1_down,structural,2.688998101275466,0.007945981665019598
toxcast,BSK_LPS_MCP1_down,image,3.9158121835260973,0.0001343635544656459
toxcast,BSK_CASM3C_LDLR_up,structural,3.759469547672596,0.0005445674614279106
toxcast,BSK_CASM3C_LDLR_up,image,-3.6802170711469078,0.0006871748600456249
toxcast,CEETOX_H295R_DOC_up,structural,3.0468862819531934,0.0036869531883793457
toxcast,CEETOX_H295R_DOC_up,image,-3.227146403057247,0.0022084839832204896
toxcast,TOX21_NFkB_BLA_agonist_ratio,structural,8.058336161149095,8.376865023888433e-14
toxcast,TOX21_NFkB_BLA_agonist_ratio,image,-135.43582646916713,6.183851105850403e-191
toxcast,BSK_3C_MCP1_down,structural,3.4981073182673543,0.0006014625066221355
toxcast,BSK_3C_MCP1_down,image,4.800779575875118,3.506090439300644e-06
toxcast,ATG_PXR_TRANS_up,structural,1.9888486675257118,0.04734829166382864
toxcast,ATG_PXR_TRANS_up,image,-11.571219042515475,3.695059736494165e-27
toxcast,BSK_LPS_IL8_down,structural,2.900265901127599,0.004274348907337722
toxcast,BSK_LPS_IL8_down,image,4.378055810949873,2.2007805974685945e-05
toxcast,TOX21_ESRE_BLA_ch1,structural,4.327576353893662,6.560570471066556e-05
toxcast,TOX21_ESRE_BLA_ch1,image,-56.9289892389894,6.761576856378338e-50
toxcast,ATG_TAL_CIS_up,structural,5.387706405422005,1.170865407651917e-06
toxcast,ATG_TAL_CIS_up,image,-6.322010554119479,3.156337841583277e-08
toxcast,ATG_E_Box_CIS_dn,structural,6.87279720444778,1.3308789455637695e-10
toxcast,ATG_E_Box_CIS_dn,image,-6.765791953057686,2.369701977020816e-10
toxcast,TOX21_ESRE_BLA_viability,structural,6.035627287554325,2.4682396616202658e-08
toxcast,TOX21_ESRE_BLA_viability,image,-71.60277778706252,2.6071591487971345e-90
toxcast,TOX21_VDR_BLA_antagonist_viability,structural,6.113115565654384,7.518700214504924e-09
toxcast,TOX21_VDR_BLA_antagonist_viability,image,-66.6196663707642,1.6733288256864544e-116
toxcast,BSK_BE3C_MIG_down,structural,3.721371660001836,0.0003190435950807102
toxcast,BSK_BE3C_MIG_down,image,3.0160606075075385,0.003205760479010664
toxcast,TOX21_AR_BLA_Antagonist_viability,structural,9.177844465755392,3.815700114841836e-18
toxcast,TOX21_AR_BLA_Antagonist_viability,image,-41.787605816402674,1.6379528674228375e-138
toxcast,TOX21_FXR_BLA_agonist_ch2,structural,7.587540822510575,4.378270048124973e-12
toxcast,TOX21_FXR_BLA_agonist_ch2,image,-80.4899290178109,7.3020513863099505e-118
toxcast,ATG_DR4_LXR_CIS_dn,structural,4.278260332279449,2.4744986845288452e-05
toxcast,ATG_DR4_LXR_CIS_dn,image,5.9045509601499395,8.833191048241698e-09
toxcast,APR_HepG2_CellLoss_24h_dn,structural,3.6325193247947967,0.0003725403703294676
toxcast,APR_HepG2_CellLoss_24h_dn,image,4.892637091538477,2.316138544949599e-06
toxcast,TOX21_MMP_ratio_up,structural,4.355691913631605,4.8927102320119934e-05
toxcast,TOX21_MMP_ratio_up,image,-10.822621747008757,4.269939578097739e-16
toxcast,APR_HepG2_StressKinase_72h_up,structural,6.067300711916246,7.770950246827402e-08
toxcast,APR_HepG2_StressKinase_72h_up,image,-1.0847101775413357,0.28211926899956574
toxcast,APR_HepG2_StressKinase_24h_up,structural,5.5772879580785615,8.042581760099353e-07
toxcast,APR_HepG2_StressKinase_24h_up,image,-1.3791983984368494,0.17351927637195724
toxcast,NVS_NR_hGR,structural,-6.6147756018897566,5.973564465750193e-10
toxcast,NVS_NR_hGR,image,6.499738972310278,1.0894727616855398e-09
toxcast,TOX21_ERa_BLA_Agonist_ch1,structural,7.730307845191792,4.802129682678961e-13
toxcast,TOX21_ERa_BLA_Agonist_ch1,image,-61.73614651464021,5.758006468516455e-134
toxcast,ATG_TGFb_CIS_dn,structural,8.248434471209046,9.301507371297189e-11
toxcast,ATG_TGFb_CIS_dn,image,-11.876360955985552,6.789117129551406e-16
toxcast,APR_HepG2_MitoticArrest_72h_up,structural,3.807195821935039,0.00020338763693301972
toxcast,APR_HepG2_MitoticArrest_72h_up,image,4.629594980817065,7.803343449664423e-06
toxcast,ATG_AP_2_CIS_dn,structural,7.261573958705916,4.1694423898319044e-11
toxcast,ATG_AP_2_CIS_dn,image,2.7115209612614772,0.007680997671147737
toxcast,BSK_LPS_MCSF_down,structural,2.745910347226835,0.006640135453556553
toxcast,BSK_LPS_MCSF_down,image,5.3926016253968845,2.137066325192203e-07
toxcast,TOX21_p53_BLA_p4_ratio,structural,5.640725931989816,2.4959907783107933e-08
toxcast,TOX21_p53_BLA_p4_ratio,image,-64.49862014812528,4.4438611938591144e-290
toxcast,BSK_LPS_SRB_down,structural,3.341504041088936,0.0010111940564110286
toxcast,BSK_LPS_SRB_down,image,6.24635693173926,2.8924418723186417e-09
toxcast,ATG_SREBP_CIS_up,structural,4.415023926953001,1.5085088092698923e-05
toxcast,ATG_SREBP_CIS_up,image,5.398434366872887,1.5716682253906035e-07
toxcast,BSK_LPS_TNFa_up,structural,5.410292685656203,1.7770108643015045e-06
toxcast,BSK_LPS_TNFa_up,image,-4.880629741703845,1.1210521847154203e-05
toxcast,APR_HepG2_MitoMass_24h_dn,structural,5.349979572973499,8.161112262547116e-07
toxcast,APR_HepG2_MitoMass_24h_dn,image,-4.9521421319442265,4.0086878507345775e-06
toxcast,ATG_TCF_b_cat_CIS_dn,structural,5.91091687319312,1.0235423161597716e-08
toxcast,ATG_TCF_b_cat_CIS_dn,image,6.267156311809136,1.447874184160799e-09
toxcast,ATG_DR5_CIS_up,structural,6.089401860167188,9.54373656747041e-09
toxcast,ATG_DR5_CIS_up,image,0.37217685440706505,0.7103008356508937
toxcast,BSK_LPS_PGE2_down,structural,0.2045292656203004,0.8381874985370177
toxcast,BSK_LPS_PGE2_down,image,0.2577857460092255,0.7968877658627177
toxcast,TOX21_AutoFluor_HEPG2_Media_blue,structural,8.270009429663316,8.632792640816094e-11
toxcast,TOX21_AutoFluor_HEPG2_Media_blue,image,-61.918857125328834,1.8804236605930942e-47
toxcast,ATG_Xbp1_CIS_up,structural,5.76776088112401,2.787327643008582e-08
toxcast,ATG_Xbp1_CIS_up,image,5.0609541853464215,8.9728533839567e-07
toxcast,ATG_Ets_CIS_dn,structural,7.504847339770721,2.843447153999267e-11
toxcast,ATG_Ets_CIS_dn,image,2.4704303749109737,0.015222325608276712
toxcast,ATG_NFI_CIS_up,structural,6.487372002379971,4.621176321640882e-09
toxcast,ATG_NFI_CIS_up,image,2.4092329764465705,0.018023035464761375
toxcast,TOX21_p53_BLA_p1_ratio,structural,4.425750597014932,1.1410714184476922e-05
toxcast,TOX21_p53_BLA_p1_ratio,image,-59.930739144165685,6.344993088550097e-256
toxcast,BSK_SAg_IL8_down,structural,3.7439255226662813,0.0002532963829538841
toxcast,BSK_SAg_IL8_down,image,4.581347627056036,9.322790170639296e-06
toxcast,CEETOX_H295R_11DCORT_dn,structural,-1.4244264417549912,0.15675653350896182
toxcast,CEETOX_H295R_11DCORT_dn,image,0.4989506477617596,0.6186705709828102
toxcast,ATG_LXRa_TRANS_up,structural,6.118549266966682,1.431712483989989e-07
toxcast,ATG_LXRa_TRANS_up,image,-9.919333000823885,2.109898423025654e-13
toxcast,ATG_TA_CIS_up,structural,7.816830924224947,1.6178818456951784e-12
toxcast,ATG_TA_CIS_up,image,-7.316418362208883,2.340953669035406e-11
toxcast,NVS_NR_hPPARa,structural,1.2407351380462979,0.22158972827648557
toxcast,NVS_NR_hPPARa,image,-4.918887118189993,1.3847165125734814e-05
toxcast,NVS_NR_bER,structural,-0.2806090659357939,0.7796141015473249
toxcast,NVS_NR_bER,image,-5.576458558221466,2.2551009698458976e-07
toxcast,BSK_CASM3C_LDLR_down,structural,4.786655757913079,1.040068523245516e-05
toxcast,BSK_CASM3C_LDLR_down,image,-4.30188693103417,5.908991833700066e-05
toxcast,ATG_VDRE_CIS_up,structural,2.395201920201752,0.017038122869107858
toxcast,ATG_VDRE_CIS_up,image,1.6353126197823895,0.1027152928198041
toxcast,ATG_GLI_CIS_up,structural,7.654987127401824,7.883402426701536e-11
toxcast,ATG_GLI_CIS_up,image,-4.091063318851189,0.00011324782721069124
toxcast,TOX21_ERa_BLA_Antagonist_ch2,structural,6.207611154638503,4.245840425113694e-09
toxcast,TOX21_ERa_BLA_Antagonist_ch2,image,-50.221204782240186,1.720372718369763e-101
toxcast,BSK_3C_VCAM1_down,structural,3.203579395149912,0.0016667191060982494
toxcast,BSK_3C_VCAM1_down,image,4.359237056317796,2.4491539826649487e-05
toxcast,BSK_CASM3C_Thrombomodulin_up,structural,4.4337522104182465,1.8747454650900856e-05
toxcast,BSK_CASM3C_Thrombomodulin_up,image,0.8436127584406449,0.40034576936715605
toxcast,BSK_3C_SRB_down,structural,2.477791065683204,0.01397238369943202
toxcast,BSK_3C_SRB_down,image,7.550965407896457,1.1402831543973035e-12
toxcast,ATG_ISRE_CIS_dn,structural,6.238703388737181,2.150091607394351e-09
toxcast,ATG_ISRE_CIS_dn,image,5.029818299632823,1.0000391115169013e-06
toxcast,TOX21_p53_BLA_p3_ch2,structural,7.810263821919135,3.2317198189968316e-14
toxcast,TOX21_p53_BLA_p3_ch2,image,-45.93040854374334,4.509417852664721e-184
toxcast,BSK_hDFCGF_MIG_down,structural,3.11933652819059,0.0022196256487786625
toxcast,BSK_hDFCGF_MIG_down,image,-0.11876588177570312,0.905638698008494
toxcast,OT_ER_ERaERb_0480,structural,-0.3318852804295203,0.7404794082641184
toxcast,OT_ER_ERaERb_0480,image,-10.355647480479151,5.982077145700367e-19
toxcast,ATG_NF_kB_CIS_up,structural,3.1065181422087553,0.0027339523367863497
toxcast,ATG_NF_kB_CIS_up,image,-7.346231224472314,2.9082016009430565e-10
toxcast,ATG_GRE_CIS_dn,structural,6.514041462341959,7.120500648754998e-09
toxcast,ATG_GRE_CIS_dn,image,2.29528816308204,0.0244763945661826
toxcast,BSK_LPS_VCAM1_down,structural,2.1459672367965212,0.03301199319436181
toxcast,BSK_LPS_VCAM1_down,image,6.389945473059759,1.0368677969191986e-09
toxcast,ATG_Myb_CIS_dn,structural,6.236113909440675,2.701528315362117e-07
toxcast,ATG_Myb_CIS_dn,image,-3.553132922366701,0.0010363766345105865
toxcast,BSK_CASM3C_MIG_down,structural,4.60439116443455,1.9382021434948463e-05
toxcast,BSK_CASM3C_MIG_down,image,-0.8536375393635126,0.3963934841313721
toxcast,OT_NURR1_NURR1RXRa_1440,structural,6.355123857030568,1.8564298306951306e-07
toxcast,OT_NURR1_NURR1RXRa_1440,image,-4.494324306314197,6.352619935232999e-05
toxcast,NVS_NR_mERa,structural,-0.42294955344970175,0.673041792610993
toxcast,NVS_NR_mERa,image,0.6933490017625783,0.48934678293056577
toxcast,ATG_PBREM_CIS_up,structural,6.806950864960242,1.2402064184155575e-10
toxcast,ATG_PBREM_CIS_up,image,-6.4500386224339525,8.863527803897164e-10
toxcast,CEETOX_H295R_OHPROG_up,structural,1.8590789197561384,0.06792181552494289
toxcast,CEETOX_H295R_OHPROG_up,image,-1.7296485280105969,0.08883486684837684
toxcast,TOX21_p53_BLA_p1_ch2,structural,6.416249473766432,3.9719506560531394e-10
toxcast,TOX21_p53_BLA_p1_ch2,image,-46.990936822559206,1.6999115741317932e-164
toxcast,ATG_ERE_CIS_up,structural,-0.40066331197055716,0.6888607491962603
toxcast,ATG_ERE_CIS_up,image,-16.267782687297775,5.184294982459584e-47
toxcast,APR_HepG2_MicrotubuleCSK_72h_dn,structural,6.019035503899328,3.72925750691093e-07
toxcast,APR_HepG2_MicrotubuleCSK_72h_dn,image,-1.047762314933889,0.3007404596149775
toxcast,TOX21_p53_BLA_p4_ch1,structural,7.293409667530616,1.6214951852045693e-12
toxcast,TOX21_p53_BLA_p4_ch1,image,-0.023096469103182644,0.9815847820579959
toxcast,ATG_PPRE_CIS_up,structural,2.1142333374442326,0.03537298162719075
toxcast,ATG_PPRE_CIS_up,image,-10.219154959518274,4.618203621000381e-21
toxcast,OT_AR_ARSRC1_0480,structural,1.349680540249037,0.18074466471678968
toxcast,OT_AR_ARSRC1_0480,image,-0.8682242564761009,0.38774535023142753
toxcast,TOX21_PPARd_BLA_Agonist_viability,structural,5.119612955282767,4.5086620408217316e-07
toxcast,TOX21_PPARd_BLA_Agonist_viability,image,0.009254883428445345,0.9926197891141841
toxcast,TOX21_p53_BLA_p2_ch2,structural,8.380476952421306,3.995485309403378e-16
toxcast,TOX21_p53_BLA_p2_ch2,image,-48.645146380874664,7.397895258718392e-207
toxcast,Tanguay_ZF_120hpf_TR_up,structural,4.948592253719456,8.24216910189345e-06
toxcast,Tanguay_ZF_120hpf_TR_up,image,1.7734692174216005,0.08200710010584078
toxcast,BSK_BE3C_uPA_down,structural,4.000732326004839,0.00011059249231771992
toxcast,BSK_BE3C_uPA_down,image,2.25493706246442,0.025981321859055103
toxcast,ATG_GAL4_TRANS_dn,structural,5.932926849793659,4.960052570968906e-07
toxcast,ATG_GAL4_TRANS_dn,image,0.5412584963967313,0.5911890501161905
toxcast,Tanguay_ZF_120hpf_PE_up,structural,4.474085354065124,2.8092097240276942e-05
toxcast,Tanguay_ZF_120hpf_PE_up,image,-0.45257223117944423,0.6522175362330614
toxcast,BSK_CASM3C_TissueFactor_down,structural,5.067167494584064,2.0130776040305126e-06
toxcast,BSK_CASM3C_TissueFactor_down,image,-1.436261782696307,0.15424763963505714
toxcast,ATG_TGFb_CIS_up,structural,8.167458607888195,5.299773434364558e-11
toxcast,ATG_TGFb_CIS_up,image,-5.746520133395949,4.333404589852682e-07
toxcast,TOX21_p53_BLA_p5_ch2,structural,8.698772990176051,4.8135667731628447e-17
toxcast,TOX21_p53_BLA_p5_ch2,image,-41.89043746795942,5.691243744968285e-166
toxcast,BSK_BE3C_MMP1_up,structural,5.057544284418201,3.2708349511186608e-06
toxcast,BSK_BE3C_MMP1_up,image,-5.656518187055633,3.1277608574153543e-07
toxcast,BSK_4H_VCAM1_down,structural,1.7132922636310992,0.08810697295711084
toxcast,BSK_4H_VCAM1_down,image,6.023774561617231,7.3454189446052556e-09
toxcast,APR_HepG2_p53Act_72h_up,structural,5.301773523732087,4.971883463683204e-07
toxcast,APR_HepG2_p53Act_72h_up,image,-4.3229118196922345,3.097664187924848e-05
toxcast,APR_HepG2_CellCycleArrest_72h_dn,structural,4.515712152500945,1.2799710452078851e-05
toxcast,APR_HepG2_CellCycleArrest_72h_dn,image,4.015800372584087,9.38836619237674e-05
toxcast,TOX21_AhR_LUC_Agonist,structural,4.081412768186605,5.23233840877307e-05
toxcast,TOX21_AhR_LUC_Agonist,image,-62.607088599247206,8.74810056431834e-235
toxcast,BSK_KF3CT_ICAM1_down,structural,3.7210054478294783,0.00032499396972920995
toxcast,BSK_KF3CT_ICAM1_down,image,-0.84754928350402,0.3986734136145983
toxcast,OT_ER_ERaERa_0480,structural,-0.17130477699231536,0.8643446884050818
toxcast,OT_ER_ERaERa_0480,image,-9.867921182312022,2.8581982270423975e-16
toxcast,ATG_HIF1a_CIS_dn,structural,8.819655684540257,5.0955317161489214e-14
toxcast,ATG_HIF1a_CIS_dn,image,-6.315576502035041,8.362054988871473e-09
toxcast,APR_HepG2_OxidativeStress_72h_up,structural,4.7423093929754225,4.777995348433594e-06
toxcast,APR_HepG2_OxidativeStress_72h_up,image,3.2281586024069013,0.0015226093508342031
toxcast,CEETOX_H295R_PROG_up,structural,1.1737718878006393,0.2447047110420451
toxcast,CEETOX_H295R_PROG_up,image,0.2542265008379922,0.8001109709411348
toxcast,TOX21_ESRE_BLA_ratio,structural,5.261350774323247,3.9913266443879576e-07
toxcast,TOX21_ESRE_BLA_ratio,image,-79.0319745255675,8.104802331592595e-143
toxcast,CEETOX_H295R_DOC_dn,structural,3.4078732883312512,0.001075237738691366
toxcast,CEETOX_H295R_DOC_dn,image,-4.630597706809301,1.577187104375534e-05
toxcast,BSK_BE3C_MMP1_down,structural,4.767363292169407,7.985120113412486e-06
toxcast,BSK_BE3C_MMP1_down,image,0.49797111774692027,0.6198373146356786
toxcast,TOX21_FXR_BLA_Antagonist_ch1,structural,10.079404688799253,7.368678811790026e-20
toxcast,TOX21_FXR_BLA_Antagonist_ch1,image,-28.28469640172307,6.762957045630983e-75
toxcast,BSK_LPS_TissueFactor_down,structural,4.552311137855958,1.5256487762835907e-05
toxcast,BSK_LPS_TissueFactor_down,image,3.0995886332662135,0.002529794867789424
toxcast,CEETOX_H295R_CORTISOL_dn,structural,-0.6353809991418486,0.526993250334393
toxcast,CEETOX_H295R_CORTISOL_dn,image,-2.192294440129141,0.031264470367859794
toxcast,TOX21_ERa_BLA_Antagonist_ratio,structural,5.603520667061782,2.9457579189307095e-08
toxcast,TOX21_ERa_BLA_Antagonist_ratio,image,-63.390038801743216,2.4495609969242807e-304
toxcast,APR_HepG2_MitoMass_72h_up,structural,6.491469843903468,5.291698069629431e-08
toxcast,APR_HepG2_MitoMass_72h_up,image,-3.979220239863727,0.0002431793857978572
toxcast,TOX21_p53_BLA_p3_ch1,structural,7.8987426215581635,2.1434639369155817e-14
toxcast,TOX21_p53_BLA_p3_ch1,image,-51.57568392154767,5.942414959413191e-192
toxcast,ATG_Pax6_CIS_up,structural,7.0869303675072715,1.7298216272472695e-11
toxcast,ATG_Pax6_CIS_up,image,-1.443751354849178,0.1501937002559938
toxcast,TOX21_MMP_ratio_down,structural,3.068453619212204,0.0022989259133055643
toxcast,TOX21_MMP_ratio_down,image,-10.346117077583731,2.234602986189005e-22
toxcast,Tanguay_ZF_120hpf_SNOU_up,structural,4.029756118243803,0.00014696189466747393
toxcast,Tanguay_ZF_120hpf_SNOU_up,image,-5.013232208337176,4.271104161020111e-06
toxcast,CEETOX_H295R_OHPREG_up,structural,-1.833938788157396,0.07261789911366634
toxcast,CEETOX_H295R_OHPREG_up,image,-5.03359899582926,6.618170237935799e-06
toxcast,TOX21_HSE_BLA_agonist_ch2,structural,5.326730118313534,2.7551574277935256e-07
toxcast,TOX21_HSE_BLA_agonist_ch2,image,-66.10963008848711,5.27951166603396e-135
toxcast,ATG_RARb_TRANS_dn,structural,7.868196976832151,2.70137960107409e-11
toxcast,ATG_RARb_TRANS_dn,image,-6.764528045744587,2.995214377313276e-09
toxcast,Tanguay_ZF_120hpf_YSE_up,structural,4.105347071489253,0.00010286539522386137
toxcast,Tanguay_ZF_120hpf_YSE_up,image,-4.336061231006574,4.512380015095682e-05
toxcast,BSK_SAg_MIG_down,structural,3.7880377745481946,0.0002501220264340251
toxcast,BSK_SAg_MIG_down,image,3.0867474045085936,0.0025714683614351955
toxcast,TOX21_HSE_BLA_agonist_ratio,structural,4.023494892501807,7.151596931681896e-05
toxcast,TOX21_HSE_BLA_agonist_ratio,image,-0.05746162034217196,0.9542131188659855
toxcast,APR_HepG2_MitoMembPot_72h_dn,structural,6.2447205076562655,1.6668187574181514e-08
toxcast,APR_HepG2_MitoMembPot_72h_dn,image,-0.9059578445948578,0.36754952851565226
toxcast,BSK_CASM3C_IL6_down,structural,3.718116986746838,0.0003085125139872656
toxcast,BSK_CASM3C_IL6_down,image,1.0487172718918119,0.2964514792425726
toxcast,NHEERL_ZF_144hpf_TERATOSCORE_up,structural,-8.592342005155695,9.355621265195155e-16
toxcast,NHEERL_ZF_144hpf_TERATOSCORE_up,image,10.981079283599511,3.7539129061152085e-23
toxcast,TOX21_FXR_BLA_antagonist_ratio,structural,3.4648409436008367,0.0005653219445129655
toxcast,TOX21_FXR_BLA_antagonist_ratio,image,-53.516221222568774,9.384021285240406e-241
toxcast,TOX21_AR_BLA_Agonist_ch2,structural,0.733578451590668,0.46374958563726254
toxcast,TOX21_AR_BLA_Agonist_ch2,image,-45.62629768061833,4.2025956904996376e-141
toxcast,TOX21_p53_BLA_p3_viability,structural,7.923925281428131,3.974103797558675e-14
toxcast,TOX21_p53_BLA_p3_viability,image,0.00768928684578724,0.9938697491828415
toxcast,APR_HepG2_MitoMembPot_24h_dn,structural,3.634277511655022,0.00043862338337922476
toxcast,APR_HepG2_MitoMembPot_24h_dn,image,-2.9412798442100643,0.004045152850139071
toxcast,ATG_XTT_Cytotoxicity_up,structural,4.785933533592137,3.997624719388701e-06
toxcast,ATG_XTT_Cytotoxicity_up,image,-4.044091449809266,8.326527239098228e-05
toxcast,OT_ERa_EREGFP_0120,structural,-0.02204666077450109,0.9824546663768136
toxcast,OT_ERa_EREGFP_0120,image,-2.796091687347626,0.006203374866824015
toxcast,BSK_3C_TissueFactor_down,structural,3.481890196594611,0.0006594880663581438
toxcast,BSK_3C_TissueFactor_down,image,4.328345782871779,2.7958381219449124e-05
toxcast,BSK_LPS_CD40_down,structural,2.761990431588993,0.006264400392175093
toxcast,BSK_LPS_CD40_down,image,7.012395768895032,3.2953984342390314e-11
toxcast,TOX21_ERa_BLA_Agonist_ch2,structural,4.655962438332188,4.7108284971617115e-06
toxcast,TOX21_ERa_BLA_Agonist_ch2,image,-50.8470377630882,1.7515588060874388e-156
toxcast,BSK_LPS_IL1a_down,structural,3.723901292004628,0.0002782639973072169
toxcast,BSK_LPS_IL1a_down,image,4.959035507823004,1.9189063495606283e-06
toxcast,OT_ER_ERbERb_1440,structural,0.40470164649113366,0.6864551781900403
toxcast,OT_ER_ERbERb_1440,image,-0.00876515278062894,0.9930218298579827
toxcast,TOX21_p53_BLA_p1_viability,structural,5.952037271106388,8.535652928901215e-09
toxcast,TOX21_p53_BLA_p1_viability,image,-61.42722120768933,8.298679210003538e-157
toxcast,OT_AR_ARSRC1_0960,structural,1.2333420450149972,0.21967357541110616
toxcast,OT_AR_ARSRC1_0960,image,6.528136383368542,1.362452047699321e-09
toxcast,BSK_CASM3C_uPAR_down,structural,4.702466109975267,8.420109361874751e-06
toxcast,BSK_CASM3C_uPAR_down,image,0.7321923601505445,0.4657986469887795
toxcast,TOX21_ERa_BLA_Antagonist_viability,structural,5.522746759087884,1.917217555719293e-07
toxcast,TOX21_ERa_BLA_Antagonist_viability,image,-52.0556251837074,3.626761747100747e-85
toxcast,BSK_hDFCGF_VCAM1_down,structural,2.8647854417407133,0.00462315457237901
toxcast,BSK_hDFCGF_VCAM1_down,image,6.47221718404848,7.430398076393814e-10
toxcast,ATG_HSE_CIS_up,structural,7.8565567939677345,3.7594202118321343e-13
toxcast,ATG_HSE_CIS_up,image,-6.302114331343923,2.2864358804024085e-09
toxcast,ATG_p53_CIS_dn,structural,6.5040670166533925,7.16514712461335e-10
toxcast,ATG_p53_CIS_dn,image,-5.605812253253695,7.484833971625291e-08
toxcast,TOX21_PPARd_BLA_antagonist_ratio,structural,7.753420803377227,1.7297040045267764e-13
toxcast,TOX21_PPARd_BLA_antagonist_ratio,image,-33.284557591676204,1.26959817345979e-98
toxcast,Tanguay_ZF_120hpf_JAW_up,structural,5.03625264251137,3.9164789349785345e-06
toxcast,Tanguay_ZF_120hpf_JAW_up,image,-0.9619788744286312,0.3395714976430487
toxcast,ATG_NRF1_CIS_dn,structural,8.019397822677618,2.306348795313123e-12
toxcast,ATG_NRF1_CIS_dn,image,-5.159670172541086,1.2928418062656068e-06
toxcast,Tanguay_ZF_120hpf_ActivityScore,structural,2.84845057278519,0.005213534934430143
toxcast,Tanguay_ZF_120hpf_ActivityScore,image,6.015098309071245,2.223093726371088e-08
toxcast,TOX21_GR_BLA_Agonist_ch2,structural,-1.6599496546284256,0.09831144998170158
toxcast,TOX21_GR_BLA_Agonist_ch2,image,-51.740347802595686,2.8399277140944637e-127
toxcast,TOX21_AR_BLA_Antagonist_ratio,structural,4.2414152637081095,2.484892360051761e-05
toxcast,TOX21_AR_BLA_Antagonist_ratio,image,-58.6676081425901,9.034938008247765e-290
toxcast,BSK_4H_MCP1_down,structural,2.4299722315597863,0.016070887391499113
toxcast,BSK_4H_MCP1_down,image,6.5488288628064595,5.745629870538442e-10
toxcast,TOX21_AutoFluor_HEPG2_Cell_blue,structural,8.232735216950658,4.161710654948917e-11
toxcast,TOX21_AutoFluor_HEPG2_Cell_blue,image,-56.90366496222821,6.92332332029573e-50
toxcast,Tanguay_ZF_120hpf_AXIS_up,structural,3.8869540359063492,0.00022807653721099605
toxcast,Tanguay_ZF_120hpf_AXIS_up,image,-4.937592292894526,5.170469051553456e-06
toxcast,BSK_4H_Eotaxin3_down,structural,2.7836777133697934,0.005895505036318294
toxcast,BSK_4H_Eotaxin3_down,image,7.01790786711553,3.5016117603794136e-11
toxcast,ATG_PPARd_TRANS_up,structural,4.127060974545901,0.00018099678279050033
toxcast,ATG_PPARd_TRANS_up,image,-7.198903667401146,9.926672740907865e-09
toxcast,TOX21_p53_BLA_p5_ratio,structural,6.20088537158137,9.900281321853352e-10
toxcast,TOX21_p53_BLA_p5_ratio,image,-60.127620363114396,5.725152307358002e-270
toxcast,OT_ER_ERaERa_1440,structural,-0.3201884641290088,0.7497041087332827
toxcast,OT_ER_ERaERa_1440,image,-5.3437663388264385,9.201522807830161e-07
toxcast,ATG_Ahr_CIS_dn,structural,9.050782716199423,3.5050680533556253e-15
toxcast,ATG_Ahr_CIS_dn,image,-8.356522674279384,1.4545388161596458e-13
toxcast,TOX21_PPARd_BLA_agonist_ch2,structural,3.278703678272838,0.0013156296930872608
toxcast,TOX21_PPARd_BLA_agonist_ch2,image,-54.359965008989775,5.256142638331557e-96
toxcast,BSK_CASM3C_Proliferation_down,structural,2.55271375066037,0.011330649109885689
toxcast,BSK_CASM3C_Proliferation_down,image,7.518684772840728,1.2014771407691018e-12
toxcast,ATG_HNF6_CIS_dn,structural,7.567919959262769,3.986852494129118e-10
toxcast,ATG_HNF6_CIS_dn,image,-1.7193505100180497,0.09107401022018383
toxcast,ATG_CRE_CIS_up,structural,6.35406817151187,1.896910572281349e-09
toxcast,ATG_CRE_CIS_up,image,3.9821756124544705,0.00010149929238522611
toxcast,TOX21_PPARd_BLA_agonist_ratio,structural,7.400069711404826,5.672768197297963e-11
toxcast,TOX21_PPARd_BLA_agonist_ratio,image,-59.92461573900048,1.0823925858836796e-76
toxcast,TOX21_VDR_BLA_antagonist_ratio,structural,6.129064200656955,4.310763436917826e-09
toxcast,TOX21_VDR_BLA_antagonist_ratio,image,-35.902810852502355,1.4003902398499488e-91
toxcast,TOX21_FXR_BLA_agonist_ratio,structural,4.9031901550639585,2.8465290938271215e-06
toxcast,TOX21_FXR_BLA_agonist_ratio,image,-68.82961141598294,7.979550548963069e-102
toxcast,TOX21_NFkB_BLA_agonist_ch1,structural,3.3494654743902847,0.0009927506500795869
toxcast,TOX21_NFkB_BLA_agonist_ch1,image,-85.05873298297861,1.108928204688939e-143
toxcast,TOX21_NFkB_BLA_agonist_viability,structural,7.4575265392768015,1.2482845103524915e-12
toxcast,TOX21_NFkB_BLA_agonist_viability,image,-0.09911711838890029,0.9211199345137927
toxcast,OT_ER_ERbERb_0480,structural,0.19944972392864083,0.8422178810190067
toxcast,OT_ER_ERbERb_0480,image,-10.510181261795001,3.7924775202872907e-19
toxcast,TOX21_AR_BLA_Agonist_ratio,structural,2.1585970653246918,0.03161093872953993
toxcast,TOX21_AR_BLA_Agonist_ratio,image,-64.24605735417518,3.772625822894447e-187
toxcast,APR_HepG2_OxidativeStress_24h_up,structural,5.1939346049324095,7.351238400944181e-07
toxcast,APR_HepG2_OxidativeStress_24h_up,image,3.0090672323369794,0.003123607235926928
toxcast,ATG_Oct_MLP_CIS_up,structural,5.919658437519939,9.916470250471461e-09
toxcast,ATG_Oct_MLP_CIS_up,image,5.622562701350527,4.751042812237334e-08
toxcast,ATG_RXRb_TRANS_dn,structural,11.769471071297602,3.4817630170364837e-15
toxcast,ATG_RXRb_TRANS_dn,image,-10.906178698758621,4.3026644241312626e-14
toxcast,TOX21_p53_BLA_p3_ratio,structural,7.32124268679491,7.332650795258857e-13
toxcast,TOX21_p53_BLA_p3_ratio,image,-59.02646848234476,1.9164253569442882e-262
toxcast,ATG_FoxO_CIS_dn,structural,7.103902626765119,1.4209390952504017e-09
toxcast,ATG_FoxO_CIS_dn,image,1.5834086312576523,0.11841648479696348
toxcast,TOX21_p53_BLA_p4_viability,structural,8.586614767126298,1.3957990908639584e-16
toxcast,TOX21_p53_BLA_p4_viability,image,0.018511042786746545,0.9852391943899834
toxcast,TOX21_PPARg_BLA_antagonist_ratio,structural,8.854843542157504,3.6658882083926444e-17
toxcast,TOX21_PPARg_BLA_antagonist_ratio,image,-40.67499302158566,7.636165422402291e-138
toxcast,APR_HepG2_MitoticArrest_24h_up,structural,5.427119927521011,3.446717367388455e-07
toxcast,APR_HepG2_MitoticArrest_24h_up,image,2.652778395371164,0.00916433266512924
toxcast,OT_FXR_FXRSRC1_0480,structural,4.418284302052107,1.8812044031165706e-05
toxcast,OT_FXR_FXRSRC1_0480,image,-8.090356583534584,1.7575514984281708e-13
toxcast,BSK_LPS_Eselectin_down,structural,3.8940864820207213,0.00015581742285630318
toxcast,BSK_LPS_Eselectin_down,image,3.6569349753231704,0.0003675162267917059
toxcast,ATG_CAR_TRANS_dn,structural,6.835162486874163,9.065103323549814e-09
toxcast,ATG_CAR_TRANS_dn,image,-6.008446130801393,1.8671897603805561e-07
toxcast,BSK_hDFCGF_PAI1_down,structural,3.893879171501884,0.00013565028597614401
toxcast,BSK_hDFCGF_PAI1_down,image,3.1184364454721254,0.0020949356383256424
toxcast,BSK_hDFCGF_EGFR_down,structural,5.552450514807653,1.2009127573277277e-06
toxcast,BSK_hDFCGF_EGFR_down,image,-9.400001365531487,1.8448936959798323e-12
toxcast,ATG_BRE_CIS_dn,structural,8.579928218354727,1.316582408652555e-10
toxcast,ATG_BRE_CIS_dn,image,-4.141675054401224,0.00017312067378531123
toxcast,BSK_4H_Pselectin_down,structural,3.1864949904870286,0.0016979255085436576
toxcast,BSK_4H_Pselectin_down,image,5.752182419041388,3.717893719258801e-08
toxcast,TOX21_ERa_BLA_Agonist_ratio,structural,4.855377564624899,1.8774450849351757e-06
toxcast,TOX21_ERa_BLA_Agonist_ratio,image,-54.29882686409502,3.844947676093507e-164
toxcast,BSK_SAg_MCP1_down,structural,4.0443088544924155,7.909729202547991e-05
toxcast,BSK_SAg_MCP1_down,image,4.448859568037432,1.5458348215392285e-05
toxcast,BSK_BE3C_HLADR_down,structural,3.9775202526161446,0.00010201061651042147
toxcast,BSK_BE3C_HLADR_down,image,5.374389408967692,2.442148541335998e-07
toxcast,ATG_PPARa_TRANS_up,structural,2.2011133574611854,0.029298332038512637
toxcast,ATG_PPARa_TRANS_up,image,-5.220560498005034,6.025070796671417e-07
toxcast,BSK_KF3CT_SRB_down,structural,3.849834383051877,0.0002130893513552891
toxcast,BSK_KF3CT_SRB_down,image,2.472463859126397,0.01517786190963643
toxcast,OT_ERa_EREGFP_0480,structural,1.7526561756519772,0.08292158139827531
toxcast,OT_ERa_EREGFP_0480,image,-7.502668176024806,3.47939619238508e-11
toxcast,BSK_CASM3C_VCAM1_down,structural,3.9572616317748897,0.00012884843647419973
toxcast,BSK_CASM3C_VCAM1_down,image,4.14970086404693,6.250808836225697e-05
toxcast,ATG_Ahr_CIS_up,structural,5.8692707695028385,1.891515364470393e-08
toxcast,ATG_Ahr_CIS_up,image,-11.619197178287783,5.6014310699060135e-24
toxcast,ATG_RORE_CIS_up,structural,7.193477912807655,1.340902599318641e-11
toxcast,ATG_RORE_CIS_up,image,-9.687463046812882,2.368505423031384e-18
toxcast,ACEA_T47D_80hr_Positive,structural,0.015227669511291713,0.9878672269857443
toxcast,ACEA_T47D_80hr_Positive,image,-2.419499201757707,0.01652590220880315
toxcast,Tanguay_ZF_120hpf_EYE_up,structural,5.211938760670067,6.012670355986406e-06
toxcast,Tanguay_ZF_120hpf_EYE_up,image,-3.5333576550452785,0.0010519986254008509
toxcast,TOX21_FXR_BLA_antagonist_viability,structural,7.60687459927419,1.013298906623734e-12
toxcast,TOX21_FXR_BLA_antagonist_viability,image,-66.31443987304488,5.270683885846079e-140
toxcast,BSK_KF3CT_IP10_down,structural,4.026549632710483,9.425781914379253e-05
toxcast,BSK_KF3CT_IP10_down,image,3.638083057580278,0.00039085116116539917
toxcast,ATG_C_EBP_CIS_up,structural,6.549620450620338,1.222915124228051e-09
toxcast,ATG_C_EBP_CIS_up,image,3.397932150456514,0.000901571387524112
toxcast,TOX21_GR_BLA_Agonist_ratio,structural,1.337634673578202,0.18182407224191866
toxcast,TOX21_GR_BLA_Agonist_ratio,image,-0.059699511794853756,0.9524266773439325
toxcast,ATG_CMV_CIS_dn,structural,6.4560251039570815,2.3871323319154536e-08
toxcast,ATG_CMV_CIS_dn,image,-3.468852627045636,0.0009922654068910358
toxcast,OT_ER_ERaERb_1440,structural,-0.18824245134890968,0.8509943123565308
toxcast,OT_ER_ERaERb_1440,image,-0.008766311658545885,0.99301967286336
toxcast,OT_FXR_FXRSRC1_1440,structural,4.676228454543194,1.168905652743378e-05
toxcast,OT_FXR_FXRSRC1_1440,image,-3.2253932936759497,0.001822837151511535
toxcast,BSK_3C_IL8_down,structural,2.044627569625234,0.04264001919399466
toxcast,BSK_3C_IL8_down,image,4.942207840242814,2.042191070705882e-06
toxcast,NCCT_QuantiLum_inhib_dn,structural,-1.8111507500730142,0.07275072563590489
toxcast,NCCT_QuantiLum_inhib_dn,image,4.765903570567759,5.590385838498898e-06
toxcast,TOX21_ELG1_LUC_Agonist,structural,2.8352486185942216,0.006293423375480955
toxcast,TOX21_ELG1_LUC_Agonist,image,-3.721857541631277,0.00044883544532036513
toxcast,ATG_EGR_CIS_up,structural,7.205013360659886,7.202689309725802e-12
toxcast,ATG_EGR_CIS_up,image,5.273622691325022,2.9476420893815246e-07
toxcast,BSK_4H_VEGFRII_down,structural,5.738905263959788,1.6406956984022337e-07
toxcast,BSK_4H_VEGFRII_down,image,-2.5808601595911567,0.011682410492375632
toxcast,ATG_RXRb_TRANS_up,structural,5.841712701773929,2.2069935217022508e-08
toxcast,ATG_RXRb_TRANS_up,image,-11.13014565951403,1.7762200806289004e-22
toxcast,BSK_KF3CT_IL1a_down,structural,3.991191654722664,0.00010772970293530832
toxcast,BSK_KF3CT_IL1a_down,image,-0.9513359050571196,0.343146668129255
toxcast,ATG_AP_1_CIS_up,structural,5.646089301292311,3.8469017602101466e-08
toxcast,ATG_AP_1_CIS_up,image,4.951178190868886,1.2411440974636642e-06
toxcast,TOX21_GR_BLA_Agonist_ch1,structural,6.768238589625355,1.4124934525106501e-10
toxcast,TOX21_GR_BLA_Agonist_ch1,image,-0.06646187775545608,0.9470764978635513
toxcast,BSK_hDFCGF_SRB_down,structural,3.858203240829627,0.00017179630438394125
toxcast,BSK_hDFCGF_SRB_down,image,0.07772200044581704,0.9381570837707286
toxcast,CEETOX_H295R_ANDR_dn,structural,1.7390003831819987,0.08499371810679208
toxcast,CEETOX_H295R_ANDR_dn,image,1.8594921532232982,0.0657839847705789
toxcast,BSK_BE3C_IL1a_down,structural,4.31203904788581,3.336924325588026e-05
toxcast,BSK_BE3C_IL1a_down,image,1.214233295406679,0.22704280813210911
toxcast,ATG_DR5_CIS_dn,structural,6.40028423599824,2.9565715868330406e-08
toxcast,ATG_DR5_CIS_dn,image,-10.399508454253425,7.12374482217153e-15
toxcast,BSK_LPS_PGE2_up,structural,5.009858081632845,8.504223519143216e-06
toxcast,BSK_LPS_PGE2_up,image,-4.6418734000941555,2.892062338180135e-05
toxcast,BSK_KF3CT_MMP9_down,structural,3.4389104115570657,0.0007208365639887745
toxcast,BSK_KF3CT_MMP9_down,image,5.649637326557969,5.9502806666765064e-08
toxcast,ACEA_T47D_80hr_Negative,structural,3.2241193402949264,0.0014486881539771254
toxcast,ACEA_T47D_80hr_Negative,image,7.569756645479789,9.200473786789524e-13
toxcast,BSK_KF3CT_TIMP2_down,structural,4.750559266729882,5.026370869512032e-06
toxcast,BSK_KF3CT_TIMP2_down,image,0.25784212231750686,0.796912863948341
toxcast,TOX21_AR_LUC_MDAKB2_Antagonist,structural,7.385360060883675,5.90994606799112e-13
toxcast,TOX21_AR_LUC_MDAKB2_Antagonist,image,-53.07711084011522,1.0840648590248916e-214
toxcast,TOX21_AR_BLA_Antagonist_ch2,structural,5.6008635444734125,1.341597670262595e-07
toxcast,TOX21_AR_BLA_Antagonist_ch2,image,-32.35051911089524,1.0537383502424308e-61
toxcast,TOX21_ARE_BLA_Agonist_ch1,structural,3.217802959630103,0.0014983682537465048
toxcast,TOX21_ARE_BLA_Agonist_ch1,image,-0.06644677632360262,0.9470859540094667
toxcast,TOX21_AR_LUC_MDAKB2_Antagonist2,structural,1.8144046798598799,0.07003617857495543
toxcast,TOX21_AR_LUC_MDAKB2_Antagonist2,image,-58.551406679086774,2.1735783098937725e-274
toxcast,ATG_HIF1a_CIS_up,structural,6.66224867858456,2.3684801149303685e-10
toxcast,ATG_HIF1a_CIS_up,image,-0.38893048612102765,0.6977254209183192
toxcast,BSK_CASM3C_IL8_down,structural,4.01972546395355,0.00013603687671121263
toxcast,BSK_CASM3C_IL8_down,image,-3.573549678076403,0.0006157351874958527
toxcast,TOX21_p53_BLA_p5_viability,structural,8.616214155092,1.209625721750788e-15
toxcast,TOX21_p53_BLA_p5_viability,image,-64.90189764232473,4.120090694737551e-148
toxcast,ATG_GR_TRANS_up,structural,-1.1255028646759622,0.26574963761449094
toxcast,ATG_GR_TRANS_up,image,-12.104086113339074,1.782093265996534e-16
toxcast,BSK_LPS_TNFa_down,structural,4.131117523408827,6.054537706354875e-05
toxcast,BSK_LPS_TNFa_down,image,4.439698343654042,1.7657241707090914e-05
BBBP,p_np,structural,-11.83979681042656,6.48528609132973e-30
BBBP,p_np,image,-19.604820906032828,3.448511722810885e-70
sider,Musculoskeletal and connective tissue disorders,structural,-13.727489623874071,1.790780547616166e-40
sider,Musculoskeletal and connective tissue disorders,image,0.05364671122874564,0.957223821818876
sider,Nervous system disorders,structural,-35.60359459369646,5.294745741259379e-214
sider,Nervous system disorders,image,0.15463217738201215,0.8771274193978872
sider,General disorders and administration site conditions,structural,-34.26912420026056,8.285545764915533e-201
sider,General disorders and administration site conditions,image,0.1278859211563867,0.8982527864720402
sider,Skin and subcutaneous tissue disorders,structural,-38.52905931418979,9.782805376845124e-242
sider,Skin and subcutaneous tissue disorders,image,0.15415468401113078,0.8775037895687721
sider,Blood and lymphatic system disorders,structural,-13.717449143795928,2.9187987982360427e-40
sider,Blood and lymphatic system disorders,image,0.12041468852402555,0.9041720336819672
sider,"Respiratory, thoracic and mediastinal disorders",structural,-18.444021474573262,6.771697240622361e-69
sider,"Respiratory, thoracic and mediastinal disorders",image,-0.0013578294137033258,0.9989167821490136
sider,"Congenital, familial and genetic disorders",structural,6.061773048775178,3.0555444940797064e-09
sider,"Congenital, familial and genetic disorders",image,-0.027776961873023438,0.9778535556157075
sider,Metabolism and nutrition disorders,structural,-15.955803745861127,4.828687372194577e-53
sider,Metabolism and nutrition disorders,image,0.10908147621926977,0.9131525156772746
sider,"Pregnancy, puerperium and perinatal conditions",structural,8.140207490223373,5.532949902542938e-14
sider,"Pregnancy, puerperium and perinatal conditions",image,-25.102675110532985,1.2372614870745653e-61
sider,"Injury, poisoning and procedural complications",structural,-13.847356715912646,5.198001706772459e-41
sider,"Injury, poisoning and procedural complications",image,0.12018267521549883,0.9043553477036581
sider,Psychiatric disorders,structural,-17.6705305583909,1.1758047827507038e-63
sider,Psychiatric disorders,image,0.05403218555436759,0.9569166782615484
sider,Hepatobiliary disorders,structural,-10.514264711113457,8.821125033581612e-25
sider,Hepatobiliary disorders,image,18.859051245780375,1.413280445214539e-69
sider,Vascular disorders,structural,-19.473393839600806,4.378319768743691e-76
sider,Vascular disorders,image,0.09348903995597298,0.9255265741691439
sider,Cardiac disorders,structural,-17.496667607161353,2.2349684810295696e-62
sider,Cardiac disorders,image,0.05399449343225906,0.9569469384910405
sider,Reproductive system and breast disorders,structural,-10.354863947069097,4.4652674835783334e-24
sider,Reproductive system and breast disorders,image,-0.547591897390979,0.5840793439239607
sider,Eye disorders,structural,-14.152351851854355,1.712811948595984e-42
sider,Eye disorders,image,0.004591955389328637,0.9963368430179753
sider,Gastrointestinal disorders,structural,-33.31879601147051,3.9560850756830204e-192
sider,Gastrointestinal disorders,image,0.15346662862837918,0.8780465848677795
sider,Surgical and medical procedures,structural,8.23495317447059,5.077205849593538e-15
sider,Surgical and medical procedures,image,-0.11231311893970257,0.9106478304940899
sider,"Neoplasms benign, malignant and unspecified (incl cysts and polyps)",structural,0.6575188719451682,0.5111127638147115
sider,"Neoplasms benign, malignant and unspecified (incl cysts and polyps)",image,-2.4644986286165835,0.014014397640671654
sider,Ear and labyrinth disorders,structural,-4.760050095462067,2.2170829203693002e-06
sider,Ear and labyrinth disorders,image,-3.4649931140437293,0.0005524825658312334
sider,Infections and infestations,structural,-18.229677106421953,2.992247733140971e-67
sider,Infections and infestations,image,0.05364851888566759,0.9572223150730864
sider,Endocrine disorders,structural,0.6513397707493046,0.5151217116177803
sider,Endocrine disorders,image,-3.483689616706417,0.0005372783349457439
sider,Investigations,structural,-24.114300830446552,5.497863236616071e-111
sider,Investigations,image,0.14053797781039554,0.8882513278786428
sider,Social circumstances,structural,5.827818667058156,1.1948155396938436e-08
sider,Social circumstances,image,-5.664901165076664,2.8987395390548926e-08
sider,Renal and urinary disorders,structural,-15.232856951819505,1.2029287141032456e-48
sider,Renal and urinary disorders,image,-0.001358587111193233,0.9989161954806105
sider,Immune system disorders,structural,-17.370572541871542,9.246543788466145e-62
sider,Immune system disorders,image,0.05695739215081661,0.9545866717730846
tox21,NR-AR,structural,-0.8367203463797679,0.4034157771223985
tox21,NR-AR,image,-26.447794406372847,2.1958053775976032e-80
tox21,SR-ARE,structural,6.226523106652715,8.827662435900078e-10
tox21,SR-ARE,image,22.135183079400115,2.5190376503299785e-80
tox21,NR-ER-LBD,structural,3.970500071775645,9.25322719824298e-05
tox21,NR-ER-LBD,image,0.9725416300773381,0.33167139235741816
tox21,NR-ER,structural,4.950172902795553,9.816505338382802e-07
tox21,NR-ER,image,-2.519301221148908,0.012035038001038693
tox21,SR-p53,structural,5.065814900833432,6.40151563005918e-07
tox21,SR-p53,image,5.278962774449357,2.207431193089672e-07
tox21,NR-Aromatase,structural,3.1927838412437217,0.0015943109046317977
tox21,NR-Aromatase,image,5.66509224489371,4.1242688608013895e-08
tox21,SR-ATAD5,structural,3.486592576061926,0.0006193328584589347
tox21,SR-ATAD5,image,1.5731686911404383,0.11749631545142177
tox21,NR-AhR,structural,2.0698652417147296,0.03899931665976579
tox21,NR-AhR,image,-13.468485445560379,2.667654512480085e-35
tox21,NR-PPAR-gamma,structural,7.559438100241114,1.0305811961951154e-11
tox21,NR-PPAR-gamma,image,-7.370084874564975,2.7215989914661372e-11
tox21,SR-MMP,structural,0.37240265175848025,0.7097305357420517
tox21,SR-MMP,image,15.11088622157058,1.1228506977113866e-43
tox21,SR-HSE,structural,4.631110409687456,6.085421960733012e-06
tox21,SR-HSE,image,-8.189081931376071,1.815654258755836e-14
tox21,NR-AR-LBD,structural,-0.5462650875812586,0.585447519356705
tox21,NR-AR-LBD,image,8.762539543421846,5.670403892388379e-16
HIV,HIV_active,structural,6.628697623063198,7.368908819218306e-09
HIV,HIV_active,image,-11.190045148951283,6.818930219078135e-17
DILIst,DILIst Classification ,structural,-9.33545813691884,5.41617762412911e-20
DILIst,DILIst Classification ,image,-4.142561409822747,3.698629142101673e-05
clintox,CT_TOX,structural,6.665031545624062,3.448455655313212e-10
clintox,CT_TOX,image,5.093914413285059,9.153915583531996e-07
