endpoint,CV_AUC_mean,CV_AUC_std,Held_out_TP,Held_out_TN,Held_out_FP,Held_out_FN,Held_out_BA,Held_out_AUC,Held_out_MCC,Held_out_AUCPR,Held_out_Specificity,Held_out_Sensitivity,CV_R2_mean,CV_R2_std,Held_out_R2,Held_out_RMSE,Held_out_median_fold_error,Held_out_perc_2_fold,Held_out_perc_3_fold,Held_out_perc_5_fold
BSK_KF3CT_IP10_down,0.6845867768595041,0.11073652375246636,6.0,42.0,13.0,8.0,0.5961038961038961,0.6779220779220779,0.17304320496932565,0.4237033415379786,0.7636363636363637,0.42857142857142855,,,,,,,,
BSK_LPS_Eselectin_down,0.6683884297520661,0.06697530043314555,5.0,45.0,11.0,8.0,0.5940934065934066,0.7019230769230769,0.17436405137939306,0.37889108338505306,0.8035714285714286,0.38461538461538464,,,,,,,,
BSK_3C_HLADR_down,0.6889635854341737,0.029504508969936755,16.0,32.0,11.0,10.0,0.6797853309481217,0.8014311270125224,0.3570249968798837,0.6624949934049977,0.7441860465116279,0.6153846153846154,,,,,,,,
BSK_hDFCGF_CollagenIII_down,0.6423290598290599,0.1126112650972799,14.0,36.0,13.0,6.0,0.7173469387755103,0.726530612244898,0.4041011012511522,0.5387988345096493,0.7346938775510204,0.7,,,,,,,,
ATG_TA_CIS_up,0.6963818181818182,0.01276519027060032,0.0,124.0,2.0,13.0,0.49206349206349204,0.6611721611721613,-0.03880977436794187,0.15734331114214203,0.9841269841269841,0.0,,,,,,,,
OT_AR_ARELUC_AG_1440,0.5853428521064693,0.13729604091645006,4.0,63.0,14.0,4.0,0.6590909090909092,0.7191558441558441,0.22740083830843735,0.4426951860408734,0.8181818181818182,0.5,,,,,,,,
APR_HepG2_MitoMass_24h_dn,0.5570073833231728,0.08871580790100944,2.0,31.0,17.0,6.0,0.4479166666666667,0.421875,-0.07698687947429833,0.15372427396984759,0.6458333333333334,0.25,,,,,,,,
BSK_4H_MCP1_down,0.6546501161440185,0.09779967109182831,15.0,33.0,17.0,4.0,0.7247368421052631,0.811578947368421,0.40261525036851625,0.6154941472703817,0.66,0.7894736842105263,,,,,,,,
BSK_SAg_CD38_down,0.7142051282051283,0.06020907305907041,6.0,38.0,12.0,13.0,0.5378947368421052,0.6778947368421052,0.07709910794438826,0.37952947700958156,0.76,0.3157894736842105,,,,,,,,
BSK_BE3C_MMP1_up,0.5986394557823129,0.11184219659933281,3.0,57.0,5.0,4.0,0.6739631336405529,0.7442396313364055,0.32811204341147504,0.4166666666666667,0.9193548387096774,0.42857142857142855,,,,,,,,
TOX21_p53_BLA_p1_ratio,0.7727654438305843,0.03414777063351657,28.0,357.0,62.0,32.0,0.6593476531424025,0.772673031026253,0.27006123449798103,0.40152067193837393,0.8520286396181385,0.4666666666666667,,,,,,,,
NHEERL_ZF_144hpf_TERATOSCORE_up,0.7237500000000001,0.03940970692608614,17.0,4.0,6.0,9.0,0.5269230769230769,0.6269230769230769,0.050211797366786125,0.8342606914959625,0.4,0.6538461538461539,,,,,,,,
ATG_p53_CIS_up,0.609632339975313,0.06413474007937187,0.0,132.0,2.0,5.0,0.4925373134328358,0.582089552238806,-0.023339272637300873,0.05832767649861037,0.9850746268656716,0.0,,,,,,,,
APR_HepG2_CellCycleArrest_24h_dn,0.6066012441012442,0.0713770542798124,1.0,43.0,3.0,9.0,0.5173913043478261,0.641304347826087,0.051726060011187174,0.3722658192870959,0.9347826086956522,0.1,,,,,,,,
ATG_Ahr_CIS_up,0.7090701754385964,0.09614846376961518,13.0,95.0,25.0,6.0,0.7379385964912281,0.8057017543859648,0.3667835329996698,0.4422951333681217,0.7916666666666666,0.6842105263157895,,,,,,,,
BSK_BE3C_MMP1_down,0.6273809523809524,0.11986918890598865,3.0,47.0,14.0,5.0,0.5727459016393442,0.6311475409836066,0.1080991565133567,0.22094963857636074,0.7704918032786885,0.375,,,,,,,,
ATG_AP_2_CIS_dn,0.7335984598459847,0.08578041852601151,4.0,118.0,9.0,8.0,0.631233595800525,0.6686351706036745,0.2531690192016564,0.1931416736702553,0.9291338582677166,0.3333333333333333,,,,,,,,
BSK_3C_MCP1_down,0.6865630304654695,0.0691978592978957,8.0,38.0,14.0,9.0,0.6006787330316742,0.6549773755656109,0.1861802462665685,0.3776640853860443,0.7307692307692307,0.47058823529411764,,,,,,,,
BSK_SAg_CD40_down,0.637392965721139,0.08226330271036031,19.0,30.0,17.0,3.0,0.7509671179883946,0.746615087040619,0.4682727309652116,0.48245241596312904,0.6382978723404256,0.8636363636363636,,,,,,,,
TOX21_ARE_BLA_agonist_ratio,0.703979298245614,0.02330572219075977,59.0,219.0,94.0,35.0,0.6636700428250968,0.7073958262524641,0.2848214634491235,0.39425475501541285,0.6996805111821086,0.6276595744680851,,,,,,,,
TOX21_ELG1_LUC_Agonist,0.7813157894736842,0.08818891834329048,3.0,186.0,4.0,3.0,0.7394736842105263,0.8394736842105264,0.4445906192369001,0.34058229352346997,0.9789473684210527,0.5,,,,,,,,
ATG_E_Box_CIS_up,0.7122782578028566,0.21291600756212795,0.0,132.0,1.0,6.0,0.49624060150375937,0.612781954887218,-0.018080492721836983,0.09353695817966949,0.9924812030075187,0.0,,,,,,,,
BSK_CASM3C_MCP1_down,0.6072948328267478,0.042506759296349686,4.0,46.0,13.0,6.0,0.5898305084745763,0.8084745762711865,0.14677555354464616,0.5096662218145593,0.7796610169491526,0.4,,,,,,,,
BSK_hDFCGF_VCAM1_down,0.6479841430499325,0.10578513683462286,12.0,33.0,16.0,8.0,0.636734693877551,0.6408163265306123,0.25266833130247474,0.42245701047235057,0.673469387755102,0.6,,,,,,,,
TOX21_AutoFluor_HEPG2_Cell_blue,0.7359692032779104,0.06774933273493504,0.0,472.0,1.0,6.0,0.4989429175475687,0.8276955602536997,-0.005151469187432847,0.09839996438880202,0.9978858350951374,0.0,,,,,,,,
TOX21_PPARg_BLA_antagonist_ratio,0.7056011183597392,0.040137509870895025,24.0,310.0,60.0,13.0,0.7432432432432432,0.8178962746530314,0.3455664733848506,0.3554095936302085,0.8378378378378378,0.6486486486486487,,,,,,,,
ATG_CMV_CIS_up,0.7407178986264443,0.027385238353505745,21.0,73.0,37.0,8.0,0.6938871473354232,0.7699059561128526,0.31953457083027986,0.4598904717216662,0.6636363636363637,0.7241379310344828,,,,,,,,
ATG_NRF2_ARE_CIS_up,0.7102690707523311,0.028131518870122423,31.0,65.0,19.0,24.0,0.6687229437229437,0.7209956709956711,0.3438310724917363,0.6027763897422324,0.7738095238095238,0.5636363636363636,,,,,,,,
TOX21_PPARd_BLA_Antagonist_ch1,0.5394704049844237,0.16562209710689832,0.0,402.0,0.0,5.0,0.5,0.6283582089552239,0.0,0.030463893183597164,1.0,0.0,,,,,,,,
ATG_Ahr_CIS_dn,0.4494829482948295,0.148051534974174,3.0,97.0,30.0,9.0,0.5068897637795275,0.4645669291338582,0.009095297491609595,0.12007827291848087,0.7637795275590551,0.25,,,,,,,,
APR_HepG2_MitoMass_72h_dn,0.6153846153846153,0.12452143762688157,2.0,41.0,8.0,4.0,0.5850340136054422,0.5952380952380952,0.13746434980705374,0.165436318067897,0.8367346938775511,0.3333333333333333,,,,,,,,
TOX21_ERa_BLA_Antagonist_ratio,0.787034142838964,0.028587376932041993,46.0,323.0,80.0,30.0,0.7033759958208176,0.777556484262766,0.3375331108549372,0.43996252372579203,0.8014888337468983,0.6052631578947368,,,,,,,,
Tanguay_ZF_120hpf_EYE_up,0.6910956252419667,0.07071862109803971,0.0,43.0,9.0,4.0,0.41346153846153844,0.4278846153846154,-0.12136700910941024,0.07324646074646074,0.8269230769230769,0.0,,,,,,,,
TOX21_ESRE_BLA_ch2,0.6119570085087327,0.07892399324878742,0.0,399.0,0.0,8.0,0.5,0.8176691729323309,0.0,0.07792381961254942,1.0,0.0,,,,,,,,
APR_HepG2_p53Act_72h_up,0.5542612681436211,0.11987754129461317,7.0,33.0,10.0,6.0,0.6529516994633273,0.6958855098389982,0.28088816584917664,0.5162795051687241,0.7674418604651163,0.5384615384615384,,,,,,,,
TOX21_p53_BLA_p4_ch2,0.7077775071444914,0.04746288867626542,25.0,375.0,56.0,23.0,0.6954514694508894,0.7666279969064193,0.31314403537047236,0.31113515821550175,0.8700696055684455,0.5208333333333334,,,,,,,,
BSK_SAg_SRB_down,0.650801393728223,0.06387944673169187,2.0,40.0,11.0,16.0,0.44771241830065356,0.5686274509803921,-0.1174313903400205,0.2807360564711234,0.7843137254901961,0.1111111111111111,,,,,,,,
TOX21_ARE_BLA_Agonist_ch2,0.7343934222773812,0.03629873807813061,19.0,335.0,31.0,22.0,0.6893575902972144,0.7552978808476609,0.3472370634380867,0.3450465754982463,0.9153005464480874,0.4634146341463415,,,,,,,,
TOX21_GR_BLA_Agonist_ch2,0.8469406392694065,0.027856226664735775,11.0,448.0,8.0,12.0,0.7303585049580472,0.8113081617086194,0.5046901979147526,0.508165506667334,0.9824561403508771,0.4782608695652174,,,,,,,,
TOX21_p53_BLA_p2_ch1,0.7479053228511001,0.04904078690227186,15.0,404.0,43.0,17.0,0.6862765659955257,0.6990352348993288,0.2851424815078165,0.27708842707108,0.9038031319910514,0.46875,,,,,,,,
BSK_hDFCGF_EGFR_up,0.48315736551030664,0.11525625122660656,0.0,60.0,5.0,4.0,0.46153846153846156,0.6884615384615385,-0.06933752452815364,0.1316211201079622,0.9230769230769231,0.0,,,,,,,,
OT_ER_ERbERb_1440,0.7665739396871472,0.0855555740368273,8.0,55.0,11.0,4.0,0.75,0.875,0.4202713536570485,0.6330202808463679,0.8333333333333334,0.6666666666666666,,,,,,,,
TOX21_GR_BLA_Agonist_ch1,0.7995351819201796,0.06004792568200338,4.0,447.0,12.0,16.0,0.5869281045751634,0.8197167755991285,0.19353568750631583,0.20760216519889582,0.9738562091503268,0.2,,,,,,,,
ATG_ERE_CIS_up,0.6755830687830687,0.03503288522955352,24.0,65.0,29.0,21.0,0.6124113475177305,0.6222222222222222,0.21658240543840493,0.5414960896906295,0.6914893617021277,0.5333333333333333,,,,,,,,
ATG_GRE_CIS_dn,0.7351098901098901,0.07680030745547892,1.0,130.0,1.0,7.0,0.5586832061068703,0.7409351145038168,0.22953514355136614,0.25425276387998685,0.9923664122137404,0.125,,,,,,,,
TOX21_Aromatase_Inhibition,0.7821462087833136,0.03458859815093185,43.0,330.0,67.0,39.0,0.6778122504146956,0.7875529888800147,0.3184815865450696,0.47484626045045963,0.8312342569269522,0.524390243902439,,,,,,,,
TOX21_AutoFluor_HEPG2_Media_blue,0.814273364810443,0.08260059541013572,0.0,474.0,0.0,5.0,0.5,0.8527426160337553,0.0,0.3241971958389869,1.0,0.0,,,,,,,,
TOX21_ERa_BLA_Antagonist_ch1,0.702719118982743,0.05799186975946489,4.0,443.0,15.0,17.0,0.5788625493865669,0.6576211270534414,0.16545788863219205,0.14447279162203241,0.9672489082969432,0.19047619047619047,,,,,,,,
TOX21_p53_BLA_p4_ratio,0.7340139660707037,0.03658459491693525,33.0,363.0,49.0,34.0,0.6868026372989422,0.7717359802927112,0.3440304066708871,0.42136698567185515,0.8810679611650486,0.4925373134328358,,,,,,,,
TOX21_AR_BLA_Agonist_ch2,0.8475347202912106,0.04515837582856642,17.0,419.0,28.0,15.0,0.7343050894854586,0.7749580536912752,0.4010415286642607,0.46790946278526413,0.9373601789709173,0.53125,,,,,,,,
TOX21_ERa_BLA_Agonist_ch1,0.7354956307801184,0.09492362216238485,7.0,445.0,13.0,14.0,0.6524745269286754,0.7957475566645872,0.3121392165667617,0.2764445805684835,0.9716157205240175,0.3333333333333333,,,,,,,,
ATG_CMV_CIS_dn,0.6988751123090745,0.09659117064846356,0.0,130.0,3.0,6.0,0.48872180451127817,0.7280701754385965,-0.03154575876506521,0.158031293325411,0.9774436090225563,0.0,,,,,,,,
TOX21_FXR_BLA_antagonist_viability,0.7769548353321911,0.05937181400832223,8.0,361.0,25.0,13.0,0.6580927707870713,0.8449296817172464,0.25624330987619154,0.33485903116601723,0.9352331606217616,0.38095238095238093,,,,,,,,
BSK_LPS_IL8_down,0.6386340403782265,0.07492801087151581,6.0,36.0,17.0,10.0,0.5271226415094339,0.6591981132075472,0.04856429311786321,0.3123257583958106,0.6792452830188679,0.375,,,,,,,,
APR_HepG2_MitoMembPot_24h_dn,0.7260802469135802,0.07228048127698154,5.0,25.0,21.0,5.0,0.5217391304347826,0.5456521739130434,0.033389028164708894,0.21503406131035865,0.5434782608695652,0.5,,,,,,,,
BSK_hDFCGF_EGFR_down,0.5922745098039217,0.05260146636496662,1.0,61.0,3.0,4.0,0.5765625,0.684375,0.16987693509397642,0.2367003367003367,0.953125,0.2,,,,,,,,
ATG_RXRb_TRANS_dn,0.3766355140186916,0.09381241189779144,0.0,134.0,0.0,5.0,0.5,0.2656716417910448,0.0,0.028086948267460853,1.0,0.0,,,,,,,,
BSK_KF3CT_uPA_down,0.679358024691358,0.07454444893240664,3.0,51.0,6.0,9.0,0.5723684210526316,0.6038011695906432,0.16289594138375038,0.32818895149134775,0.8947368421052632,0.25,,,,,,,,
NVS_NR_bER,0.8434138230190861,0.06344381656394092,4.0,44.0,4.0,6.0,0.6583333333333333,0.65,0.34689095308660517,0.5378855092761742,0.9166666666666666,0.4,,,,,,,,
Tanguay_ZF_120hpf_TR_up,0.552829268292683,0.15924543149152529,1.0,44.0,7.0,4.0,0.5313725490196078,0.5058823529411764,0.051130999256491366,0.2786014738489631,0.8627450980392157,0.2,,,,,,,,
BSK_BE3C_IP10_down,0.6683998927901367,0.060952166345799086,12.0,39.0,12.0,6.0,0.7156862745098038,0.7952069716775599,0.397705839334203,0.5383006083012253,0.7647058823529411,0.6666666666666666,,,,,,,,
TOX21_p53_BLA_p5_viability,0.6656701113514379,0.0845811241236558,14.0,432.0,24.0,9.0,0.7780320366132722,0.8308543096872616,0.4399061999976228,0.42901234903964963,0.9473684210526315,0.6086956521739131,,,,,,,,
Tanguay_ZF_120hpf_AXIS_up,0.6691632928475034,0.08601903641840228,1.0,43.0,6.0,6.0,0.5102040816326531,0.6093294460641399,0.02040816326530612,0.1954123884677238,0.8775510204081632,0.14285714285714285,,,,,,,,
BSK_hDFCGF_MMP1_down,0.6804738292011019,0.14642443893706633,5.0,45.0,11.0,8.0,0.5940934065934066,0.6373626373626373,0.17436405137939306,0.28558666395065313,0.8035714285714286,0.38461538461538464,,,,,,,,
OT_ER_ERaERa_1440,0.8818939393939396,0.07919455098903479,7.0,60.0,10.0,1.0,0.8660714285714286,0.9607142857142857,0.5380225332780397,0.8375,0.8571428571428571,0.875,,,,,,,,
TOX21_HSE_BLA_agonist_ch2,0.724666379580332,0.05891150072815003,3.0,381.0,6.0,17.0,0.5672480620155038,0.6483204134366924,0.19770491148618913,0.17315213423682488,0.9844961240310077,0.15,,,,,,,,
CEETOX_H295R_ANDR_dn,0.5367165242165242,0.1198221005344812,5.0,7.0,9.0,6.0,0.4460227272727273,0.4431818181818181,-0.10616016211357263,0.42471455086544607,0.4375,0.45454545454545453,,,,,,,,
BSK_SAg_IL8_down,0.6663614163614163,0.08454673050445019,11.0,39.0,14.0,5.0,0.7116745283018868,0.7629716981132075,0.37170652074495875,0.6386377592046196,0.7358490566037735,0.6875,,,,,,,,
TOX21_NFkB_BLA_agonist_ratio,0.7413387096774192,0.055343550160252504,5.0,368.0,20.0,14.0,0.6058057514921323,0.7337221920781334,0.18592177172005403,0.16330752406438404,0.9484536082474226,0.2631578947368421,,,,,,,,
BSK_LPS_TissueFactor_down,0.6230111008325624,0.1081960589481653,5.0,48.0,11.0,5.0,0.6567796610169492,0.6237288135593221,0.261545827761002,0.3728656860632813,0.8135593220338984,0.5,,,,,,,,
CEETOX_H295R_ESTRONE_up,0.7449891067538126,0.12143619652132417,1.0,15.0,8.0,3.0,0.45108695652173914,0.6521739130434783,-0.07372097807744857,0.22654428904428903,0.6521739130434783,0.25,,,,,,,,
ATG_BRE_CIS_up,0.6826500568960903,0.0582914559006671,12.0,98.0,19.0,10.0,0.6915306915306916,0.8286713286713286,0.33587673203337987,0.5270535843879863,0.8376068376068376,0.5454545454545454,,,,,,,,
BSK_3C_Proliferation_down,0.6648591897233203,0.08675342414019419,15.0,35.0,5.0,14.0,0.6961206896551724,0.7379310344827587,0.4267459067940983,0.6782365156549316,0.875,0.5172413793103449,,,,,,,,
Tanguay_ZF_120hpf_SNOU_up,0.6302564102564103,0.09480262358616184,2.0,42.0,7.0,5.0,0.5714285714285714,0.7871720116618075,0.12864083083132663,0.3078475409302477,0.8571428571428571,0.2857142857142857,,,,,,,,
BSK_BE3C_uPA_down,0.6476027911969942,0.0878607928184371,8.0,41.0,16.0,4.0,0.6929824561403508,0.7309941520467836,0.30715953274724334,0.5124380711880712,0.7192982456140351,0.6666666666666666,,,,,,,,
BSK_hDFCGF_TIMP1_down,0.7278985507246376,0.09770195500098978,7.0,47.0,11.0,4.0,0.7233542319749215,0.8683385579937305,0.3724030078367606,0.6127423574610508,0.8103448275862069,0.6363636363636364,,,,,,,,
NCCT_QuantiLum_inhib_dn,0.6386507936507936,0.11020137777446924,7.0,5.0,3.0,5.0,0.6041666666666667,0.5625,0.2041241452319315,0.7348527568922306,0.625,0.5833333333333334,,,,,,,,
ATG_GR_TRANS_up,0.8340116381590548,0.16448637967018415,2.0,134.0,0.0,3.0,0.7,0.7731343283582089,0.6254925066796634,0.5936100131752307,1.0,0.4,,,,,,,,
BSK_3C_SRB_down,0.6343402225755167,0.06678823833584337,10.0,35.0,12.0,12.0,0.5996131528046421,0.6392649903288201,0.19922630560928434,0.4031012144337508,0.7446808510638298,0.45454545454545453,,,,,,,,
ATG_PPARg_TRANS_up,0.7500738417850716,0.03803484737310954,25.0,76.0,21.0,17.0,0.6893716249386352,0.7839960726558665,0.36960260508422604,0.6052146843114659,0.7835051546391752,0.5952380952380952,,,,,,,,
ATG_EGR_CIS_up,0.7218854829381145,0.021719318469541445,8.0,98.0,16.0,17.0,0.5898245614035088,0.7196491228070174,0.18255468793197147,0.4190761801051582,0.8596491228070176,0.32,,,,,,,,
TOX21_VDR_BLA_Agonist_viability,0.7477702912333049,0.05620431930064921,24.0,311.0,57.0,15.0,0.7302466555183946,0.81061872909699,0.3394909718932912,0.4156815639584412,0.845108695652174,0.6153846153846154,,,,,,,,
TOX21_p53_BLA_p5_ch2,0.732230006740761,0.05492176319383219,25.0,371.0,58.0,25.0,0.6824009324009324,0.7482517482517483,0.2947026620203902,0.34273096753201265,0.8648018648018648,0.5,,,,,,,,
ATG_PXR_TRANS_up,0.7141065900044227,0.03450544295563796,32.0,66.0,29.0,12.0,0.7110047846889953,0.7820574162679426,0.3955471148255555,0.5650493158576148,0.6947368421052632,0.7272727272727273,,,,,,,,
ATG_HIF1a_CIS_dn,0.4202452340159365,0.12489779116257327,0.0,116.0,13.0,10.0,0.4496124031007752,0.6031007751937985,-0.08943171279722427,0.11460625851130965,0.8992248062015504,0.0,,,,,,,,
Tanguay_ZF_120hpf_PE_up,0.6182411156095367,0.10040218782776679,3.0,42.0,7.0,4.0,0.6428571428571428,0.5276967930029154,0.24671758189758447,0.1791525553310755,0.8571428571428571,0.42857142857142855,,,,,,,,
Tanguay_ZF_120hpf_ActivityScore,0.6401975308641974,0.08380927247154991,2.0,40.0,5.0,10.0,0.5277777777777778,0.6407407407407408,0.06900655593423542,0.3102101268011602,0.8888888888888888,0.16666666666666666,,,,,,,,
TOX21_p53_BLA_p2_viability,0.656869235702569,0.0330330601342279,11.0,389.0,50.0,29.0,0.5805523917995444,0.6232346241457859,0.13369575966909072,0.19915734186439252,0.8861047835990888,0.275,,,,,,,,
TOX21_AR_BLA_Antagonist_ratio,0.7859088231646826,0.02563805558673713,43.0,331.0,69.0,36.0,0.6859018987341772,0.799240506329114,0.32599828776143425,0.5128125263401749,0.8275,0.5443037974683544,,,,,,,,
ATG_RARa_TRANS_dn,0.6804620462046206,0.11333477493600212,4.0,118.0,9.0,8.0,0.631233595800525,0.8398950131233596,0.2531690192016564,0.33251454344515663,0.9291338582677166,0.3333333333333333,,,,,,,,
BSK_KF3CT_TGFb1_down,0.7219834710743801,0.06054157601238835,7.0,41.0,15.0,6.0,0.6353021978021978,0.5659340659340659,0.22705980844118606,0.307095585409326,0.7321428571428571,0.5384615384615384,,,,,,,,
TOX21_ESRE_BLA_viability,0.7981861198738169,0.038882439235484983,2.0,392.0,4.0,9.0,0.5858585858585859,0.7589531680440771,0.23105206313474344,0.18081400052426386,0.98989898989899,0.18181818181818182,,,,,,,,
CEETOX_H295R_DOC_dn,0.710857142857143,0.11212780204271236,3.0,11.0,7.0,5.0,0.4930555555555556,0.48611111111111116,-0.013176156917368247,0.438343585762064,0.6111111111111112,0.375,,,,,,,,
BSK_3C_Vis_down,0.6556392395014685,0.09742191650863412,11.0,39.0,9.0,10.0,0.6681547619047619,0.6517857142857143,0.34108010994400845,0.4983264644384575,0.8125,0.5238095238095238,,,,,,,,
APR_HepG2_MitoticArrest_24h_up,0.6656613756613756,0.09234840733611485,4.0,33.0,12.0,7.0,0.5484848484848485,0.48686868686868695,0.08528028654224418,0.29477474185266395,0.7333333333333333,0.36363636363636365,,,,,,,,
BSK_3C_uPAR_down,0.7018034188034188,0.09676912130827511,10.0,31.0,19.0,9.0,0.5731578947368421,0.6326315789473684,0.13241098095168702,0.3666122046868602,0.62,0.5263157894736842,,,,,,,,
BSK_KF3CT_MCP1_down,0.6146584022038567,0.1189253123817473,6.0,50.0,6.0,7.0,0.6771978021978022,0.7486263736263736,0.3656166503201468,0.4018596015763496,0.8928571428571429,0.46153846153846156,,,,,,,,
ATG_PPARd_TRANS_up,0.7158186223606784,0.11075876421258886,1.0,133.0,2.0,3.0,0.6175925925925926,0.7592592592592593,0.2705682043989334,0.3212406015037594,0.9851851851851852,0.25,,,,,,,,
TOX21_VDR_BLA_antagonist_ratio,0.6843736170549419,0.03243172171491732,4.0,372.0,14.0,17.0,0.5771033802121885,0.7751048605970886,0.16591882370534253,0.22044474238645412,0.9637305699481865,0.19047619047619047,,,,,,,,
TOX21_FXR_BLA_agonist_ch2,0.7635227157838622,0.09993084194179046,4.0,386.0,7.0,10.0,0.6339512904398401,0.6572155579789167,0.3010878669607975,0.23537447078540216,0.9821882951653944,0.2857142857142857,,,,,,,,
OT_ERa_EREGFP_0120,0.789828154425612,0.06423206446729654,6.0,70.0,5.0,4.0,0.7666666666666666,0.9133333333333333,0.511937752153777,0.7526258020938872,0.9333333333333333,0.6,,,,,,,,
BSK_hDFCGF_Proliferation_down,0.6519391688770999,0.07044069915333459,25.0,24.0,13.0,7.0,0.7149493243243243,0.7483108108108107,0.43099207639694004,0.7061911296587007,0.6486486486486487,0.78125,,,,,,,,
CEETOX_H295R_OHPROG_up,0.6216666666666667,0.1852438333056671,3.0,16.0,4.0,3.0,0.65,0.7416666666666667,0.2849614140875866,0.46249999999999997,0.8,0.5,,,,,,,,
ATG_PXRE_CIS_dn,0.6774178145087236,0.054807269854725796,5.0,102.0,23.0,9.0,0.5865714285714285,0.632,0.12992212016561588,0.1711576934168364,0.816,0.35714285714285715,,,,,,,,
OT_NURR1_NURR1RXRa_0480,0.5794394031054648,0.0696300700729787,3.0,53.0,19.0,9.0,0.4930555555555556,0.5555555555555556,-0.011053942207134546,0.18144224355568928,0.7361111111111112,0.25,,,,,,,,
BSK_4H_Pselectin_down,0.6853612078977933,0.032188852706246586,9.0,34.0,17.0,9.0,0.5833333333333333,0.6394335511982572,0.15102511963933396,0.34078860424057456,0.6666666666666666,0.5,,,,,,,,
BSK_BE3C_SRB_down,0.7148809523809524,0.07630664506864822,3.0,51.0,10.0,5.0,0.6055327868852459,0.6598360655737705,0.17280711671010612,0.3024163945216577,0.8360655737704918,0.375,,,,,,,,
BSK_3C_VCAM1_down,0.6457011980267795,0.06286920804890905,6.0,48.0,6.0,9.0,0.6444444444444444,0.7567901234567902,0.3143730417143384,0.5962519213877909,0.8888888888888888,0.4,,,,,,,,
ATG_MRE_CIS_up,0.7169340352407355,0.037172112707867154,23.0,71.0,31.0,14.0,0.6588500264970854,0.7352941176470589,0.28807919342825994,0.4955410745995068,0.696078431372549,0.6216216216216216,,,,,,,,
ATG_THRa1_TRANS_up,0.7232476789457922,0.07939411308658631,0.0,130.0,2.0,7.0,0.49242424242424243,0.39069264069264065,-0.02782382086884636,0.061955961238168225,0.9848484848484849,0.0,,,,,,,,
ATG_p53_CIS_dn,0.6741030701754387,0.04298295537662097,12.0,90.0,30.0,7.0,0.6907894736842105,0.7289473684210527,0.28545740719615814,0.2756917948689709,0.75,0.631578947368421,,,,,,,,
TOX21_MMP_ratio_down,0.7992407258064516,0.03773222104956164,25.0,125.0,31.0,15.0,0.7131410256410257,0.7724358974358975,0.38030436528708195,0.537713638838507,0.8012820512820513,0.625,,,,,,,,
ACEA_T47D_80hr_Negative,0.6872777181047858,0.024614531632567632,13.0,40.0,21.0,10.0,0.6104775481111903,0.6639344262295082,0.20072820345950682,0.41510133791992687,0.6557377049180327,0.5652173913043478,,,,,,,,
ATG_TCF_b_cat_CIS_dn,0.6678170697195212,0.038440434044292794,9.0,92.0,20.0,18.0,0.5773809523809523,0.619047619047619,0.15068139011029524,0.2617295295042276,0.8214285714285714,0.3333333333333333,,,,,,,,
BSK_4H_Eotaxin3_down,0.6420124831309042,0.08451457240618475,8.0,32.0,17.0,12.0,0.5265306122448979,0.6142857142857143,0.05008341835441227,0.34033380023927007,0.6530612244897959,0.4,,,,,,,,
TOX21_TR_LUC_GH3_Antagonist,0.8047022438936293,0.01191693799303923,79.0,285.0,60.0,55.0,0.7078195976638546,0.7848258706467661,0.4110849557483391,0.6366329601534376,0.8260869565217391,0.5895522388059702,,,,,,,,
TOX21_ERa_BLA_Antagonist_ch2,0.7402821502821504,0.04812742923336936,4.0,457.0,5.0,13.0,0.612235803412274,0.7065189712248535,0.30586985706956105,0.2336101090320524,0.9891774891774892,0.23529411764705882,,,,,,,,
TOX21_AR_BLA_Antagonist_viability,0.7394753402550507,0.054135430535791236,14.0,401.0,43.0,21.0,0.6515765765765766,0.751029601029601,0.24366544436570672,0.3004255592256792,0.9031531531531531,0.4,,,,,,,,
TOX21_ERa_LUC_BG1_Antagonist,0.7734492235098909,0.052866840234644434,16.0,397.0,33.0,33.0,0.6248932130991931,0.7879924062648315,0.24978642619838634,0.3206901868739979,0.9232558139534883,0.32653061224489793,,,,,,,,
OT_ER_ERaERb_1440,0.7971568627450981,0.09641115897655246,9.0,50.0,15.0,4.0,0.7307692307692308,0.8260355029585799,0.372677996249965,0.5695268080288323,0.7692307692307693,0.6923076923076923,,,,,,,,
CEETOX_H295R_DOC_up,0.6625,0.1029828565830255,1.0,14.0,7.0,4.0,0.43333333333333335,0.2666666666666667,-0.1138550085106622,0.18925518925518925,0.6666666666666666,0.2,,,,,,,,
CEETOX_H295R_ESTRADIOL_up,0.6873638344226578,0.1287768769426608,2.0,21.0,1.0,2.0,0.7272727272727273,0.8068181818181818,0.5133270023393454,0.6004901960784313,0.9545454545454546,0.5,,,,,,,,
TOX21_PPARg_BLA_Agonist_ch2,0.6214900191048248,0.056694327869122235,1.0,460.0,5.0,13.0,0.5303379416282642,0.6589861751152074,0.09189680359533195,0.15005460500696183,0.989247311827957,0.07142857142857142,,,,,,,,
ATG_NF_kB_CIS_up,0.6580573870573871,0.16782601689218,1.0,125.0,7.0,6.0,0.5449134199134199,0.670995670995671,0.08434541228823438,0.21217134301391813,0.946969696969697,0.14285714285714285,,,,,,,,
ATG_XTT_Cytotoxicity_up,0.6853702803710149,0.06660472423066083,8.0,89.0,14.0,8.0,0.6820388349514563,0.7324029126213593,0.3199450822294442,0.35112811737234745,0.8640776699029126,0.5,,,,,,,,
APR_HepG2_p53Act_24h_up,0.6928112874779542,0.12787376858728383,5.0,27.0,17.0,7.0,0.5151515151515151,0.49810606060606055,0.025459637891418363,0.22855545103105285,0.6136363636363636,0.4166666666666667,,,,,,,,
ATG_LXRa_TRANS_up,0.6068973725974256,0.1408511659669569,0.0,129.0,5.0,5.0,0.48134328358208955,0.5507462686567164,-0.03731343283582089,0.06763721127357492,0.9626865671641791,0.0,,,,,,,,
TOX21_p53_BLA_p3_ratio,0.7268292318705452,0.026219648386932786,40.0,332.0,82.0,25.0,0.7086584912671869,0.7490152359717578,0.32802646516168005,0.44794204638123775,0.8019323671497585,0.6153846153846154,,,,,,,,
BSK_CASM3C_VCAM1_down,0.6702716049382716,0.11683418373859746,4.0,49.0,8.0,8.0,0.5964912280701754,0.5994152046783626,0.19298245614035087,0.31698334890349167,0.8596491228070176,0.3333333333333333,,,,,,,,
NVS_NR_hER,0.7630272108843538,0.04907959368009888,12.0,30.0,14.0,6.0,0.6742424242424242,0.7146464646464646,0.3205594371693848,0.5550792387656561,0.6818181818181818,0.6666666666666666,,,,,,,,
ATG_IR1_CIS_up,0.5244136836536766,0.1220373466814975,0.0,127.0,7.0,5.0,0.47388059701492535,0.7343283582089553,-0.044483060263255735,0.11240919358235947,0.9477611940298507,0.0,,,,,,,,
ATG_ERa_TRANS_up,0.7439076306471877,0.038998492244268955,23.0,81.0,21.0,14.0,0.7078696343402225,0.7617912029676737,0.3950334346456601,0.6441986984192455,0.7941176470588235,0.6216216216216216,,,,,,,,
ATG_SREBP_CIS_up,0.7434505494505494,0.04891821056394919,12.0,80.0,34.0,13.0,0.5908771929824561,0.695438596491228,0.14834979127945044,0.395613971622794,0.7017543859649122,0.48,,,,,,,,
BSK_CASM3C_Proliferation_down,0.6037155576629261,0.059591032479631115,9.0,35.0,10.0,15.0,0.5763888888888888,0.6037037037037036,0.1628959413837504,0.41862685666448407,0.7777777777777778,0.375,,,,,,,,
TOX21_VDR_BLA_Antagonist_ch1,0.5837039532794249,0.1292415217617279,1.0,391.0,7.0,8.0,0.5467615857063093,0.7716359575656058,0.09907191892791145,0.11898108944312238,0.9824120603015075,0.1111111111111111,,,,,,,,
BSK_3C_Thrombomodulin_up,0.7110588235294117,0.14006440436542833,2.0,60.0,3.0,4.0,0.6428571428571428,0.6772486772486772,0.3105295017040594,0.36616161616161613,0.9523809523809523,0.3333333333333333,,,,,,,,
BSK_LPS_SRB_down,0.6819036004645762,0.07653242808737862,9.0,32.0,18.0,10.0,0.5568421052631579,0.5810526315789473,0.1040531963428944,0.37734888302864283,0.64,0.47368421052631576,,,,,,,,
TOX21_ERa_BLA_Agonist_ch2,0.7031279378962586,0.0653976983958062,16.0,384.0,62.0,17.0,0.6729175159668433,0.6896996874575351,0.23723234149800684,0.3551276870816421,0.8609865470852018,0.48484848484848486,,,,,,,,
TOX21_NFkB_BLA_agonist_viability,0.7575387331966279,0.07167075355732459,6.0,355.0,25.0,21.0,0.5782163742690059,0.6920077972709551,0.14676638152172955,0.24166196249876662,0.9342105263157895,0.2222222222222222,,,,,,,,
NVS_NR_hPXR,0.6738333333333333,0.1451432242840001,1.0,18.0,2.0,5.0,0.5333333333333333,0.6333333333333333,0.0879173964527716,0.36887508626639065,0.9,0.16666666666666666,,,,,,,,
ATG_VDRE_CIS_up,0.7368973905351615,0.0444776843300777,25.0,72.0,24.0,18.0,0.6656976744186047,0.7509689922480621,0.3206246868901071,0.5410707162214692,0.75,0.5813953488372093,,,,,,,,
ATG_PPRE_CIS_up,0.7361278296802012,0.05873581943247668,18.0,83.0,27.0,11.0,0.6876175548589342,0.7623824451410658,0.325858178237739,0.5143013986931518,0.7545454545454545,0.6206896551724138,,,,,,,,
ATG_TGFb_CIS_dn,0.5800432022570975,0.11023313772431516,2.0,132.0,2.0,3.0,0.6925373134328359,0.792537313432836,0.4289290145262821,0.40801246105919003,0.9850746268656716,0.4,,,,,,,,
BSK_LPS_MCSF_down,0.6521986062717768,0.08646617080502239,12.0,37.0,13.0,7.0,0.6857894736842105,0.7421052631578947,0.34531588755943005,0.49104530945523217,0.74,0.631578947368421,,,,,,,,
TOX21_PPARd_BLA_Agonist_viability,0.8026674706713635,0.015851608380575973,18.0,332.0,29.0,28.0,0.6554859689268939,0.7942912200409491,0.30807292885983056,0.3901428582120028,0.9196675900277008,0.391304347826087,,,,,,,,
TOX21_ERa_BLA_Agonist_ratio,0.6908849831294787,0.04475716695056486,21.0,389.0,58.0,11.0,0.7632480425055929,0.8201202460850111,0.35422593520448914,0.5081758781160315,0.8702460850111857,0.65625,,,,,,,,
BSK_BE3C_uPAR_down,0.6323427382053655,0.10380825781163248,5.0,47.0,12.0,5.0,0.6483050847457628,0.7220338983050848,0.24231813085201018,0.4238574826479664,0.7966101694915254,0.5,,,,,,,,
APR_HepG2_MitoMembPot_72h_dn,0.6146311725259094,0.05167894568783322,2.0,28.0,18.0,7.0,0.41545893719806765,0.36231884057971014,-0.130031582934249,0.17770601450446613,0.6086956521739131,0.2222222222222222,,,,,,,,
ATG_RARb_TRANS_dn,0.6775702075702076,0.0938366440786149,0.0,125.0,7.0,7.0,0.4734848484848485,0.43181818181818177,-0.05303030303030303,0.0522037952740273,0.946969696969697,0.0,,,,,,,,
OT_AR_ARSRC1_0960,0.7386446280991736,0.05264834113817971,6.0,60.0,9.0,7.0,0.6655518394648829,0.7146042363433668,0.312807528510228,0.4330016757799802,0.8695652173913043,0.46153846153846156,,,,,,,,
ATG_DR5_CIS_dn,0.545637915543576,0.05884680073574904,1.0,131.0,2.0,5.0,0.5758145363408521,0.7481203007518797,0.21205760058738282,0.24878434279694783,0.9849624060150376,0.16666666666666666,,,,,,,,
BSK_hDFCGF_MIG_down,0.6607024793388429,0.08709881243852653,5.0,48.0,7.0,9.0,0.6149350649350649,0.7337662337662338,0.24389329042742455,0.48638964976127497,0.8727272727272727,0.35714285714285715,,,,,,,,
ATG_DR4_LXR_CIS_dn,0.717979362685245,0.043918894206158826,19.0,83.0,23.0,14.0,0.6793882218410521,0.7552887364208118,0.33244768333586794,0.5329611066106037,0.7830188679245284,0.5757575757575758,,,,,,,,
BSK_SAg_Proliferation_down,0.6245950113786083,0.03342649663530073,11.0,29.0,12.0,17.0,0.5500871080139372,0.6742160278745645,0.10434798389121028,0.6105155167559699,0.7073170731707317,0.39285714285714285,,,,,,,,
ATG_RORE_CIS_up,0.6898596491228071,0.09277530466696411,4.0,109.0,10.0,16.0,0.5579831932773109,0.6323529411764706,0.13523888428380698,0.23455543138292853,0.9159663865546218,0.2,,,,,,,,
BSK_CASM3C_LDLR_down,0.6172897959183674,0.07766469692115625,2.0,54.0,8.0,5.0,0.5783410138248848,0.6889400921658986,0.134381053700039,0.1933492543532349,0.8709677419354839,0.2857142857142857,,,,,,,,
ATG_HNF6_CIS_dn,0.6537735849056604,0.136301656950432,0.0,131.0,2.0,6.0,0.4924812030075188,0.6917293233082706,-0.025662828341114444,0.0906337082567901,0.9849624060150376,0.0,,,,,,,,
BSK_4H_uPAR_down,0.688072902707049,0.0433786627716421,8.0,44.0,8.0,9.0,0.6583710407239819,0.7217194570135747,0.3233955001769583,0.49338764849145467,0.8461538461538461,0.47058823529411764,,,,,,,,
ATG_TAL_CIS_up,0.7109991015274033,0.13058597874347877,0.0,131.0,2.0,6.0,0.4924812030075188,0.6027568922305764,-0.025662828341114444,0.0834029946395315,0.9849624060150376,0.0,,,,,,,,
TOX21_HSE_BLA_agonist_ratio,0.740169711002487,0.03532599361373304,11.0,341.0,34.0,21.0,0.6265416666666667,0.72375,0.217216907676545,0.30072488065182856,0.9093333333333333,0.34375,,,,,,,,
TOX21_AR_LUC_MDAKB2_Agonist,0.7793291228854609,0.006712851975355307,16.0,412.0,33.0,18.0,0.6982154659616655,0.7308658294778585,0.33593459440336026,0.47183493487855327,0.9258426966292135,0.47058823529411764,,,,,,,,
APR_HepG2_OxidativeStress_72h_up,0.5530048076923078,0.07426695995125325,12.0,27.0,13.0,4.0,0.7125,0.7046875,0.38621404728800407,0.40171108369327735,0.675,0.75,,,,,,,,
OT_ER_ERaERa_0480,0.8474231861067045,0.03395346123309459,6.0,72.0,1.0,4.0,0.7931506849315069,0.9013698630136987,0.6867940480786501,0.8190582518818109,0.9863013698630136,0.6,,,,,,,,
TOX21_HSE_BLA_agonist_ch1,0.752676427774732,0.03050850370997689,7.0,385.0,6.0,9.0,0.7110773657289002,0.7933184143222507,0.4665522026376374,0.34034871003234557,0.9846547314578005,0.4375,,,,,,,,
BSK_BE3C_PAI1_down,0.6098347107438016,0.05973977675022099,5.0,45.0,10.0,9.0,0.5876623376623377,0.7155844155844155,0.1709408646894569,0.47873540213441945,0.8181818181818182,0.35714285714285715,,,,,,,,
Tanguay_ZF_120hpf_MORT_up,0.7443760683760685,0.12198223285621647,2.0,43.0,7.0,5.0,0.5728571428571428,0.6857142857142857,0.13115784746777812,0.36123492875411034,0.86,0.2857142857142857,,,,,,,,
TOX21_GR_BLA_Antagonist_ch2,0.7873117355820315,0.04371411352435441,13.0,408.0,36.0,22.0,0.6451737451737452,0.8160875160875161,0.24935111579586225,0.38768496713385797,0.918918918918919,0.37142857142857144,,,,,,,,
BSK_CASM3C_IL8_down,0.6384353741496598,0.041802326705877246,3.0,51.0,10.0,5.0,0.6055327868852459,0.6516393442622951,0.17280711671010612,0.34292751961071993,0.8360655737704918,0.375,,,,,,,,
BSK_hDFCGF_IL8_down,0.700063323201621,0.09375524342506855,2.0,54.0,6.0,7.0,0.5611111111111111,0.6648148148148147,0.1285692601083507,0.39511974737963435,0.9,0.2222222222222222,,,,,,,,
BSK_3C_TissueFactor_down,0.6559484912550452,0.07110994113414011,8.0,41.0,13.0,7.0,0.6462962962962964,0.6493827160493828,0.26228627815949196,0.31809245093621097,0.7592592592592593,0.5333333333333333,,,,,,,,
BSK_CASM3C_LDLR_up,0.8589743589743589,0.06987007532850438,3.0,58.0,7.0,1.0,0.8211538461538461,0.9192307692307691,0.426386839192118,0.32007575757575757,0.8923076923076924,0.75,,,,,,,,
TOX21_AR_BLA_Agonist_ratio,0.7701517074066094,0.05609849357788546,20.0,404.0,42.0,13.0,0.755945101236581,0.7555374371517869,0.386222298701893,0.47228596563675296,0.905829596412556,0.6060606060606061,,,,,,,,
ATG_E_Box_CIS_dn,0.6805661201832042,0.04771694589726852,3.0,103.0,20.0,13.0,0.5124491869918699,0.6504065040650406,0.021384082455415045,0.17221947112727332,0.8373983739837398,0.1875,,,,,,,,
TOX21_p53_BLA_p5_ch1,0.6893136647380745,0.042321114755400735,10.0,443.0,10.0,16.0,0.6812701647138734,0.8318899643402955,0.41064899040141223,0.3966665653309034,0.977924944812362,0.38461538461538464,,,,,,,,
TOX21_PPARg_BLA_Agonist_ratio,0.6969118595947864,0.11159139819450412,4.0,445.0,16.0,14.0,0.593757531935406,0.7148710532658472,0.17827955312185192,0.1164188495780119,0.96529284164859,0.2222222222222222,,,,,,,,
APR_HepG2_MitoticArrest_72h_up,0.6080541770057899,0.055276748515714506,3.0,36.0,4.0,12.0,0.55,0.6283333333333333,0.1336306209562122,0.39173170791840106,0.9,0.2,,,,,,,,
NVS_NR_hGR,0.671474358974359,0.12130891581907413,9.0,1.0,4.0,7.0,0.38125,0.325,-0.20830127958541944,0.6891942106096517,0.2,0.5625,,,,,,,,
CEETOX_H295R_OHPREG_up,0.798,0.13741421566441614,4.0,15.0,4.0,1.0,0.7947368421052632,0.8842105263157896,0.5078333750770082,0.8266666666666667,0.7894736842105263,0.8,,,,,,,,
TOX21_MMP_viability,0.7155294083966733,0.039016963945374086,2.0,177.0,5.0,12.0,0.5576923076923077,0.5961538461538463,0.16012815380508713,0.16315126753236092,0.9725274725274725,0.14285714285714285,,,,,,,,
ATG_NF_kB_CIS_dn,0.6912770477047705,0.12943035491678995,7.0,101.0,25.0,6.0,0.6700244200244201,0.7264957264957266,0.23519677826366717,0.30949546698712066,0.8015873015873016,0.5384615384615384,,,,,,,,
APR_HepG2_CellLoss_24h_dn,0.6008082240340304,0.09241759159547512,12.0,23.0,16.0,5.0,0.6478129713423831,0.7285067873303167,0.2718574730832161,0.5213221196164972,0.5897435897435898,0.7058823529411765,,,,,,,,
NVS_NR_hPPARa,0.4988095238095238,0.11763446978129166,3.0,16.0,2.0,2.0,0.7444444444444445,0.7,0.4888888888888889,0.4370940170940171,0.8888888888888888,0.6,,,,,,,,
BSK_BE3C_tPA_down,0.652536231884058,0.06446560792216968,4.0,48.0,10.0,7.0,0.5956112852664577,0.6692789968652038,0.1740620638865228,0.32150733043420704,0.8275862068965517,0.36363636363636365,,,,,,,,
TOX21_p53_BLA_p4_ch1,0.7040398151231485,0.05470890139414065,22.0,374.0,65.0,18.0,0.7009681093394078,0.744874715261959,0.2884142660557987,0.33792422453430776,0.8519362186788155,0.55,,,,,,,,
OT_ERa_EREGFP_0480,0.738410008071025,0.17232314074378174,2.0,74.0,0.0,8.0,0.6,0.777027027027027,0.42483856331322933,0.5081349206349206,1.0,0.2,,,,,,,,
OT_ER_ERbERb_0480,0.8173524203069658,0.05709345177782888,10.0,60.0,10.0,3.0,0.8131868131868132,0.8945054945054945,0.5323152239464995,0.6697204128199603,0.8571428571428571,0.7692307692307693,,,,,,,,
CEETOX_H295R_OHPROG_dn,0.6312401883830455,0.10835603633860308,4.0,10.0,7.0,5.0,0.5163398692810457,0.4117647058823529,0.031468954668723376,0.40123444294496924,0.5882352941176471,0.4444444444444444,,,,,,,,
TOX21_PPARg_BLA_antagonist_viability,0.7119272237196765,0.08376771671961836,3.0,390.0,8.0,6.0,0.6566164154103853,0.7836404243439419,0.2840443340330151,0.293828756043956,0.9798994974874372,0.3333333333333333,,,,,,,,
CEETOX_H295R_11DCORT_dn,0.5830909090909092,0.10275478312246807,7.0,8.0,6.0,6.0,0.554945054945055,0.5494505494505495,0.10989010989010989,0.5288109191178245,0.5714285714285714,0.5384615384615384,,,,,,,,
OT_NURR1_NURR1RXRa_1440,0.49769585253456217,0.16223477289469682,0.0,79.0,0.0,4.0,0.5,0.5632911392405063,0.0,0.0756258234519104,1.0,0.0,,,,,,,,
ATG_PXRE_CIS_up,0.7574351598693705,0.025783820649695033,42.0,52.0,19.0,26.0,0.6750207125103562,0.767605633802817,0.3526069393756758,0.7475929313332517,0.7323943661971831,0.6176470588235294,,,,,,,,
BSK_SAg_Eselectin_down,0.5610384615384616,0.06527510185179339,9.0,42.0,8.0,10.0,0.6568421052631579,0.7,0.3251833710622858,0.5444222858473411,0.84,0.47368421052631576,,,,,,,,
TOX21_PPARd_BLA_agonist_ratio,0.6851937845252976,0.04772341506361824,5.0,370.0,27.0,5.0,0.7159949622166246,0.7750629722921915,0.24847245326914053,0.1335118842318331,0.9319899244332494,0.5,,,,,,,,
ATG_IR1_CIS_dn,0.6926359354930784,0.03645383418351388,2.0,113.0,11.0,13.0,0.5223118279569893,0.7446236559139785,0.047551549310143444,0.2257313805773656,0.9112903225806451,0.13333333333333333,,,,,,,,
BSK_CASM3C_SRB_down,0.6485931236509405,0.09654455641970754,7.0,40.0,18.0,4.0,0.6630094043887147,0.700626959247649,0.24828852758929357,0.3832443837381436,0.6896551724137931,0.6363636363636364,,,,,,,,
APR_HepG2_MicrotubuleCSK_24h_up,0.6814532520325203,0.06812741629438553,3.0,44.0,7.0,2.0,0.7313725490196079,0.7725490196078432,0.34453472585953243,0.5878921568627451,0.8627450980392157,0.6,,,,,,,,
ATG_CAR_TRANS_dn,0.7407811673426205,0.051110588289610334,0.0,134.0,0.0,5.0,0.5,0.7283582089552239,0.0,0.2947006331022008,1.0,0.0,,,,,,,,
BSK_hDFCGF_SRB_down,0.7011083349349734,0.07025311517780937,5.0,43.0,11.0,10.0,0.5648148148148148,0.5703703703703704,0.12669190413922857,0.28214667766483165,0.7962962962962963,0.3333333333333333,,,,,,,,
NCCT_HEK293T_CellTiterGLO,0.46352813852813846,0.11364646419757077,12.0,1.0,8.0,2.0,0.4841269841269841,0.5714285714285714,-0.046004370622823615,0.6717075945610839,0.1111111111111111,0.8571428571428571,,,,,,,,
BSK_hDFCGF_IP10_down,0.6405230412002858,0.08249404157241051,12.0,39.0,9.0,9.0,0.6919642857142857,0.7410714285714286,0.38392857142857145,0.6877156996009457,0.8125,0.5714285714285714,,,,,,,,
TOX21_ERa_BLA_Antagonist_viability,0.7345940559991971,0.09173924940057718,2.0,454.0,13.0,10.0,0.5694147037830122,0.6716630977872948,0.12457357095858876,0.22170784291507453,0.9721627408993576,0.16666666666666666,,,,,,,,
BSK_CASM3C_IL6_down,0.6577348362855608,0.09292910305581036,8.0,38.0,19.0,4.0,0.6666666666666666,0.6096491228070176,0.2588810544492078,0.2582357337032134,0.6666666666666666,0.6666666666666666,,,,,,,,
BSK_LPS_IL1a_down,0.6559431524547803,0.026149947401099098,11.0,30.0,24.0,4.0,0.6444444444444444,0.662962962962963,0.2383416092273349,0.2966491103570439,0.5555555555555556,0.7333333333333333,,,,,,,,
NVS_NR_mERa,0.7389992668621701,0.15464583242039018,8.0,30.0,10.0,5.0,0.6826923076923077,0.7500000000000001,0.3319568649619408,0.612422193191424,0.75,0.6153846153846154,,,,,,,,
OT_AR_ARSRC1_0480,0.8053618509550713,0.10922045787513116,2.0,74.0,0.0,7.0,0.6111111111111112,0.8160660660660661,0.45057500224431263,0.5830011279531513,1.0,0.2222222222222222,,,,,,,,
BSK_KF3CT_MMP9_down,0.606111111111111,0.04017246769236149,7.0,34.0,16.0,12.0,0.5242105263157895,0.6884210526315789,0.04588314677411235,0.4017504735080788,0.68,0.3684210526315789,,,,,,,,
TOX21_FXR_BLA_Antagonist_ch1,0.7050672188725455,0.07694511511724401,7.0,354.0,31.0,15.0,0.6188311688311688,0.6913813459268006,0.18471284110624173,0.1371657168738481,0.9194805194805195,0.3181818181818182,,,,,,,,
BSK_KF3CT_SRB_down,0.7240881458966565,0.1073241584040348,1.0,54.0,5.0,9.0,0.5076271186440678,0.6779661016949152,0.019057705158491416,0.3169878588844106,0.9152542372881356,0.1,,,,,,,,
TOX21_p53_BLA_p2_ratio,0.7508873647976152,0.02828464218389973,26.0,345.0,64.0,44.0,0.6074746769123297,0.7112120153684945,0.19437963510405704,0.331056147244597,0.843520782396088,0.37142857142857144,,,,,,,,
TOX21_FXR_BLA_agonist_ratio,0.6482653661387838,0.09545293009097132,9.0,349.0,45.0,4.0,0.7890472471690746,0.8908629441624366,0.29966387263315075,0.39582214316636505,0.8857868020304569,0.6923076923076923,,,,,,,,
ATG_GAL4_TRANS_dn,0.7597676767676766,0.09800122435721254,0.0,126.0,0.0,4.0,0.5,0.7916666666666667,0.0,0.08900681341719077,1.0,0.0,,,,,,,,
TOX21_GR_BLA_Antagonist_ratio,0.8019592433519145,0.07230166923484413,26.0,398.0,43.0,12.0,0.7933524286907745,0.8867406611767514,0.45155879257543835,0.5971085417593375,0.9024943310657596,0.6842105263157895,,,,,,,,
BSK_BE3C_IL1a_down,0.6253333333333334,0.08556681022654566,3.0,53.0,4.0,9.0,0.5899122807017544,0.5014619883040936,0.22575230631802384,0.2637756211241859,0.9298245614035088,0.25,,,,,,,,
BSK_CASM3C_MIG_down,0.611825850340136,0.13115693747620574,3.0,58.0,4.0,4.0,0.6820276497695852,0.716589861751152,0.3640552995391705,0.41492623023235264,0.9354838709677419,0.42857142857142855,,,,,,,,
TOX21_AR_LUC_MDAKB2_Antagonist2,0.8043264607209064,0.039134666656851266,44.0,288.0,48.0,27.0,0.738430583501006,0.8083920187793429,0.4326548532927933,0.5188369796285206,0.8571428571428571,0.6197183098591549,,,,,,,,
BSK_hDFCGF_MCSF_down,0.7402090592334495,0.02680762962853886,9.0,40.0,11.0,9.0,0.642156862745098,0.6971677559912854,0.2751731965785296,0.5653437358183157,0.7843137254901961,0.5,,,,,,,,
ATG_RXRa_TRANS_up,0.5177789757412399,0.065608798050383,2.0,130.0,3.0,4.0,0.6553884711779449,0.4799498746867168,0.3391664094363433,0.221993553291878,0.9774436090225563,0.3333333333333333,,,,,,,,
TOX21_AutoFluor_HEK293_Cell_blue,0.8543164143868907,0.08161643109707888,0.0,474.0,0.0,5.0,0.5,0.5945147679324895,0.0,0.24116726365810354,1.0,0.0,,,,,,,,
ATG_AP_1_CIS_up,0.6365448574162531,0.04898914298621629,6.0,94.0,15.0,24.0,0.5311926605504588,0.6608562691131499,0.07166475823215077,0.3640678074649995,0.8623853211009175,0.2,,,,,,,,
BSK_SAg_MCP1_down,0.6442374698472259,0.10396326860936267,11.0,34.0,17.0,7.0,0.6388888888888888,0.7352941176470589,0.24839788620727343,0.4941493859517926,0.6666666666666666,0.6111111111111112,,,,,,,,
BSK_KF3CT_ICAM1_down,0.6022908315345873,0.09568629518221745,5.0,43.0,16.0,5.0,0.6144067796610169,0.6983050847457627,0.17505619990016544,0.337354894257762,0.7288135593220338,0.5,,,,,,,,
TOX21_ESRE_BLA_ratio,0.7297632037775177,0.08978390800701054,1.0,385.0,4.0,17.0,0.5226363896029705,0.6578120536989431,0.08449872973899758,0.0944880067124403,0.9897172236503856,0.05555555555555555,,,,,,,,
ATG_Xbp1_CIS_up,0.6797494777671611,0.0605817108753623,8.0,99.0,18.0,14.0,0.6048951048951049,0.7595182595182595,0.19636477885294604,0.3935657947351098,0.8461538461538461,0.36363636363636365,,,,,,,,
BSK_CASM3C_HLADR_down,0.6261313131313131,0.05414207290841485,2.0,51.0,5.0,11.0,0.5322802197802198,0.635989010989011,0.08361559866134192,0.3699254266850231,0.9107142857142857,0.15384615384615385,,,,,,,,
ATG_NRF1_CIS_dn,0.5882019798210545,0.08661464193636803,0.0,123.0,6.0,10.0,0.47674418604651164,0.6790697674418605,-0.05913640909138646,0.12368905093578611,0.9534883720930233,0.0,,,,,,,,
BSK_4H_VEGFRII_down,0.6318027210884354,0.04950922427633691,2.0,49.0,12.0,6.0,0.5266393442622951,0.6127049180327868,0.04241486356785399,0.2892744018994847,0.8032786885245902,0.25,,,,,,,,
ATG_Pax6_CIS_up,0.6809869753861043,0.05998110079823813,5.0,104.0,12.0,18.0,0.5569715142428786,0.8013493253373314,0.12923385368814472,0.34478039957538054,0.896551724137931,0.21739130434782608,,,,,,,,
OT_FXR_FXRSRC1_0480,0.7594697987779748,0.020740601756988414,5.0,63.0,4.0,11.0,0.6263992537313433,0.7705223880597015,0.3207264546967157,0.4814095035941011,0.9402985074626866,0.3125,,,,,,,,
ATG_RXRb_TRANS_up,0.6457777777777778,0.07261764525664274,6.0,89.0,31.0,13.0,0.5287280701754387,0.5706140350877192,0.044658375827186486,0.22569058654997823,0.7416666666666667,0.3157894736842105,,,,,,,,
TOX21_NFkB_BLA_agonist_ch2,0.6483099068574019,0.04522626425926757,1.0,393.0,5.0,8.0,0.5492741485203797,0.7490228922389727,0.12024419054440491,0.14734432013277154,0.9874371859296482,0.1111111111111111,,,,,,,,
BSK_KF3CT_IL1a_down,0.7262396694214875,0.12830229164405993,4.0,44.0,11.0,10.0,0.5428571428571429,0.6181818181818182,0.08357108940373449,0.27047625047479285,0.8,0.2857142857142857,,,,,,,,
APR_HepG2_MicrotubuleCSK_72h_dn,0.6775813008130082,0.1724511732063903,0.0,49.0,2.0,4.0,0.4803921568627451,0.8333333333333334,-0.054402889958273914,0.2222222222222222,0.9607843137254902,0.0,,,,,,,,
ATG_CRE_CIS_up,0.6220346663645633,0.05645042809700331,8.0,95.0,27.0,9.0,0.6246383799421408,0.7550626808100289,0.18816354008874567,0.454600443303918,0.7786885245901639,0.47058823529411764,,,,,,,,
BSK_LPS_TNFa_down,0.5957364341085272,0.026476017609206298,7.0,41.0,13.0,8.0,0.6129629629629629,0.6567901234567901,0.2053976840589495,0.45331277112503104,0.7592592592592593,0.4666666666666667,,,,,,,,
BSK_CASM3C_TissueFactor_down,0.6516337386018237,0.06496031679640557,2.0,52.0,7.0,8.0,0.5406779661016949,0.6593220338983051,0.08503904055243743,0.3320089746665016,0.8813559322033898,0.2,,,,,,,,
BSK_LPS_PGE2_down,0.7508085410524435,0.05469764357028501,11.0,35.0,17.0,6.0,0.6600678733031675,0.7398190045248868,0.28092433338622597,0.6241205786826244,0.6730769230769231,0.6470588235294118,,,,,,,,
TOX21_FXR_BLA_Antagonist_ch2,0.7113034360576753,0.10030778346574507,9.0,364.0,26.0,8.0,0.7313725490196079,0.8449472096530921,0.3302121880760024,0.36959440912420294,0.9333333333333333,0.5294117647058824,,,,,,,,
BSK_LPS_CD40_down,0.6336662499007699,0.057932581650690734,15.0,33.0,15.0,6.0,0.7008928571428572,0.7837301587301587,0.3729338685741352,0.5954761369103656,0.6875,0.7142857142857143,,,,,,,,
ATG_PPARa_TRANS_up,0.7270770475315931,0.05201135362143065,5.0,109.0,15.0,10.0,0.6061827956989247,0.7166666666666667,0.18773798185992188,0.39997973520430047,0.8790322580645161,0.3333333333333333,,,,,,,,
BSK_CASM3C_SAA_down,0.7001360544217686,0.08651114314839799,2.0,54.0,8.0,5.0,0.5783410138248848,0.7188940092165897,0.134381053700039,0.33421910430838997,0.8709677419354839,0.2857142857142857,,,,,,,,
ATG_TGFb_CIS_up,0.5949470992770234,0.07510939896810662,2.0,126.0,7.0,4.0,0.6403508771929824,0.7067669172932332,0.23182146273219795,0.18894872858415895,0.9473684210526315,0.3333333333333333,,,,,,,,
ATG_PBREM_CIS_up,0.7093157894736841,0.031509336043869886,7.0,95.0,25.0,12.0,0.5800438596491228,0.5833333333333333,0.13063470321678863,0.18282409518796658,0.7916666666666666,0.3684210526315789,,,,,,,,
TOX21_p53_BLA_p3_viability,0.7069325227297623,0.047355339014319646,10.0,404.0,43.0,22.0,0.6081515659955257,0.6038870246085011,0.1721665688082236,0.1727499628345121,0.9038031319910514,0.3125,,,,,,,,
BSK_SAg_PBMCCytotoxicity_down,0.6321176885130374,0.0696899951690308,7.0,43.0,12.0,7.0,0.6409090909090909,0.7571428571428571,0.2537187532320518,0.4979627084183734,0.7818181818181819,0.5,,,,,,,,
ATG_HIF1a_CIS_up,0.6273801593389587,0.031074015706309778,9.0,92.0,26.0,12.0,0.6041162227602905,0.6162227602905568,0.17180996872712725,0.24990819878835063,0.7796610169491526,0.42857142857142855,,,,,,,,
ATG_Sp1_CIS_up,0.6637408406888926,0.04387384822922507,3.0,115.0,9.0,12.0,0.5637096774193548,0.5623655913978494,0.14076652524811878,0.1886122064083884,0.9274193548387096,0.2,,,,,,,,
BSK_4H_VCAM1_down,0.6458036984352773,0.07314824349064362,8.0,40.0,7.0,14.0,0.6073500967117988,0.7156673114119922,0.2425773211083368,0.5258483103641294,0.851063829787234,0.36363636363636365,,,,,,,,
TOX21_AR_LUC_MDAKB2_Antagonist,0.7519627481354678,0.05389638711652626,30.0,361.0,65.0,23.0,0.7067277881123217,0.8145982815129772,0.32527012239597664,0.33585657713449607,0.8474178403755869,0.5660377358490566,,,,,,,,
BSK_SAg_MIG_down,0.6413647342995169,0.07400938197623706,2.0,48.0,10.0,9.0,0.5047021943573667,0.7068965517241379,0.00908265588077297,0.3562069905016614,0.8275862068965517,0.18181818181818182,,,,,,,,
CEETOX_H295R_TESTO_dn,0.29183673469387755,0.07232671488436469,7.0,6.0,12.0,1.0,0.6041666666666666,0.5,0.21677749238103,0.3406096370734528,0.3333333333333333,0.875,,,,,,,,
BSK_LPS_VCAM1_down,0.6415279056145928,0.08998322562349848,6.0,41.0,6.0,16.0,0.5725338491295938,0.6943907156673115,0.17836224859399497,0.5088662822387272,0.8723404255319149,0.2727272727272727,,,,,,,,
ATG_C_EBP_CIS_up,0.7637818181818181,0.0625711786423607,3.0,117.0,9.0,10.0,0.5796703296703297,0.6434676434676434,0.1651927850290808,0.3436355033582534,0.9285714285714286,0.23076923076923078,,,,,,,,
Tanguay_ZF_120hpf_YSE_up,0.6472784525416104,0.08136154073866075,3.0,37.0,11.0,5.0,0.5729166666666667,0.5755208333333333,0.11785113019775793,0.2172203446449567,0.7708333333333334,0.375,,,,,,,,
BSK_4H_SRB_down,0.6576132404181184,0.0753150134345694,11.0,39.0,12.0,7.0,0.6879084967320261,0.696078431372549,0.3500700210070024,0.44851600365533306,0.7647058823529411,0.6111111111111112,,,,,,,,
ATG_Ets_CIS_dn,0.6947482391014658,0.03808632677621568,2.0,101.0,28.0,8.0,0.49147286821705427,0.6379844961240311,-0.010711590202369115,0.10120042419164982,0.7829457364341085,0.2,,,,,,,,
TOX21_GR_BLA_Agonist_ratio,0.7889311279661275,0.03163132772688533,12.0,401.0,40.0,26.0,0.6125432629192027,0.7284282133906194,0.19554421924462137,0.2976123740489522,0.909297052154195,0.3157894736842105,,,,,,,,
TOX21_VDR_BLA_agonist_ratio,0.6701903415828574,0.12835966107171032,0.0,402.0,1.0,4.0,0.4987593052109181,0.8467741935483871,-0.004944409768840427,0.1556714021502754,0.9975186104218362,0.0,,,,,,,,
TOX21_PPARd_BLA_agonist_ch2,0.7445883999227949,0.10127853227282538,3.0,386.0,7.0,11.0,0.5982370047255543,0.7997091966557615,0.23129707865343702,0.18645076538268107,0.9821882951653944,0.21428571428571427,,,,,,,,
BSK_hDFCGF_PAI1_down,0.6686153846153847,0.06508505536062179,11.0,36.0,13.0,9.0,0.6423469387755103,0.7020408163265306,0.271193507236709,0.45515603932099635,0.7346938775510204,0.55,,,,,,,,
APR_HepG2_OxidativeStress_24h_up,0.5914924647544968,0.09805796863868013,8.0,25.0,17.0,6.0,0.5833333333333333,0.5918367346938775,0.14517323726225953,0.3541635278663306,0.5952380952380952,0.5714285714285714,,,,,,,,
TOX21_PPARd_BLA_antagonist_ratio,0.7166088963015295,0.038936438899569284,7.0,356.0,23.0,21.0,0.5946569920844327,0.7465133810780249,0.1833791746069039,0.24322928613558575,0.9393139841688655,0.25,,,,,,,,
BSK_3C_IL8_down,0.6816501973478718,0.04033785450387925,12.0,37.0,17.0,3.0,0.7425925925925927,0.7938271604938272,0.40543482168656325,0.5360012352391162,0.6851851851851852,0.8,,,,,,,,
TOX21_GR_BLA_Antagonist_viability,0.7325383826699617,0.05754739933276162,9.0,438.0,16.0,16.0,0.6623788546255507,0.7970044052863436,0.3247577092511013,0.3375339039410664,0.9647577092511013,0.36,,,,,,,,
TOX21_AutoFluor_HEK293_Media_blue,0.8361106096375505,0.08149317668514364,0.0,474.0,0.0,5.0,0.5,0.6746835443037975,0.0,0.25089674091649133,1.0,0.0,,,,,,,,
APR_HepG2_CellCycleArrest_72h_dn,0.6439078282828283,0.04451072661495421,5.0,28.0,13.0,10.0,0.508130081300813,0.49105691056910566,0.015418225431688585,0.34180633272094235,0.6829268292682927,0.3333333333333333,,,,,,,,
ATG_GLI_CIS_up,0.703981684981685,0.07267004650917931,0.0,132.0,0.0,7.0,0.5,0.3582251082251082,0.0,0.0423093549550584,1.0,0.0,,,,,,,,
ATG_DR5_CIS_up,0.6798952730770912,0.09533205712105672,4.0,109.0,15.0,11.0,0.5728494623655914,0.7107526881720431,0.13159682014060467,0.21661735430536944,0.8790322580645161,0.26666666666666666,,,,,,,,
TOX21_NFkB_BLA_agonist_ch1,0.8071135590026266,0.03851650851162942,5.0,375.0,14.0,13.0,0.6208940302770637,0.8447586403884605,0.23564229380388393,0.37709889561576854,0.9640102827763496,0.2777777777777778,,,,,,,,
CEETOX_H295R_CORTISOL_dn,0.7231519274376417,0.12051599341300037,5.0,16.0,3.0,3.0,0.7335526315789473,0.8486842105263158,0.46710526315789475,0.7984649122807017,0.8421052631578947,0.625,,,,,,,,
TOX21_p53_BLA_p3_ch1,0.5583560755871729,0.04679270577810518,20.0,387.0,46.0,26.0,0.6642735214378954,0.6918365297720654,0.28084935644609393,0.3460795738361303,0.8937644341801386,0.43478260869565216,,,,,,,,
TOX21_p53_BLA_p1_ch1,0.7731980870571752,0.014774072121785324,20.0,402.0,39.0,18.0,0.7189402076620122,0.8080916577157179,0.3600940649038843,0.40983469851415766,0.9115646258503401,0.5263157894736842,,,,,,,,
BSK_LPS_PGE2_up,0.765032679738562,0.061333522780800516,2.0,61.0,3.0,3.0,0.6765625,0.828125,0.353125,0.4935143288084464,0.953125,0.4,,,,,,,,
APR_HepG2_StressKinase_24h_up,0.629,0.1034238850556292,1.0,48.0,2.0,5.0,0.5633333333333334,0.6833333333333333,0.17399004766833942,0.362938353636028,0.96,0.16666666666666666,,,,,,,,
ACEA_T47D_80hr_Positive,0.7101724376252678,0.07940700573423402,8.0,44.0,22.0,10.0,0.5555555555555556,0.6035353535353535,0.09514987095307502,0.5111942728593297,0.6666666666666666,0.4444444444444444,,,,,,,,
ATG_ERE_CIS_dn,0.6230570115835113,0.047252142299427376,4.0,117.0,11.0,7.0,0.6388494318181819,0.7997159090909091,0.24161225455130503,0.42668658775911045,0.9140625,0.36363636363636365,,,,,,,,
BSK_BE3C_TGFb1_down,0.614981213097155,0.1077612854292096,5.0,40.0,18.0,6.0,0.5721003134796239,0.6112852664576802,0.11197850219117086,0.22655043003626615,0.6896551724137931,0.45454545454545453,,,,,,,,
ATG_HSE_CIS_up,0.7168830285550646,0.0671139400110777,2.0,112.0,9.0,16.0,0.5183654729109275,0.6322314049586777,0.04568353705723691,0.21640327132154075,0.9256198347107438,0.1111111111111111,,,,,,,,
BSK_BE3C_MIG_down,0.6551110083256244,0.1233976122023465,6.0,35.0,23.0,5.0,0.5744514106583072,0.6677115987460815,0.11042928781725517,0.2750112667040478,0.603448275862069,0.5454545454545454,,,,,,,,
TOX21_p53_BLA_p3_ch2,0.7350517214445327,0.035945988195719994,32.0,317.0,110.0,20.0,0.6788866870834085,0.7477931904161413,0.24370503591614523,0.3802910031686403,0.7423887587822015,0.6153846153846154,,,,,,,,
ATG_NURR1_TRANS_up,0.5288398692810458,0.042403141394270816,3.0,116.0,12.0,8.0,0.5894886363636364,0.6207386363636362,0.15571940702539352,0.24215881689324276,0.90625,0.2727272727272727,,,,,,,,
ATG_GATA_CIS_dn,0.5761739933079497,0.2105875098198954,0.0,135.0,0.0,4.0,0.5,0.8722222222222222,0.0,0.1737128146453089,1.0,0.0,,,,,,,,
TOX21_p53_BLA_p2_ch2,0.7033021705732775,0.05425816058711042,29.0,359.0,62.0,29.0,0.6763657957244655,0.7352772544843967,0.293334296577842,0.40252328181074837,0.8527315914489311,0.5,,,,,,,,
ATG_FoxO_CIS_dn,0.5684600179694519,0.09473364949404237,0.0,128.0,5.0,6.0,0.48120300751879697,0.7518796992481203,-0.04102819468988023,0.10602776101345895,0.9624060150375939,0.0,,,,,,,,
TOX21_FXR_BLA_antagonist_ratio,0.8129429230662903,0.0328750982032132,35.0,274.0,68.0,30.0,0.6698155645524067,0.741340530814215,0.286168492776035,0.44432111278769704,0.8011695906432749,0.5384615384615384,,,,,,,,
APR_HepG2_MitoMass_72h_up,0.6525711382113821,0.15611687798625098,0.0,47.0,3.0,5.0,0.47,0.6679999999999999,-0.075955452531275,0.15735056925996205,0.94,0.0,,,,,,,,
BSK_LPS_TNFa_up,0.5470588235294118,0.07208382919471294,1.0,52.0,12.0,4.0,0.50625,0.6312500000000001,0.008287419301647449,0.117682098222144,0.8125,0.2,,,,,,,,
TOX21_p53_BLA_p4_viability,0.7205841621468547,0.05463741907592567,18.0,373.0,60.0,28.0,0.6263681092479164,0.7230143588713726,0.2016837275959103,0.2510447006290029,0.8614318706697459,0.391304347826087,,,,,,,,
BSK_CASM3C_uPAR_down,0.5895929694727104,0.08148482312802206,6.0,49.0,10.0,4.0,0.7152542372881356,0.7,0.3590953527097,0.3901382001307039,0.8305084745762712,0.6,,,,,,,,
TOX21_ERa_LUC_BG1_Agonist,0.5916861614636273,0.029960686404606227,40.0,277.0,128.0,34.0,0.6122455789122456,0.6718718718718719,0.17002303955956802,0.3894596745611579,0.6839506172839506,0.5405405405405406,,,,,,,,
BSK_3C_ICAM1_down,0.7145408163265307,0.0393199338553558,3.0,57.0,4.0,5.0,0.6547131147540983,0.6782786885245902,0.32811204341147504,0.33815931563882384,0.9344262295081968,0.375,,,,,,,,
ATG_Sox_CIS_up,0.5995839112343967,0.11529851478340147,1.0,113.0,17.0,8.0,0.4901709401709402,0.5991452991452992,-0.014408075230059568,0.12355247420381521,0.8692307692307693,0.1111111111111111,,,,,,,,
BSK_CASM3C_Thrombomodulin_up,0.47934204625536553,0.05795459183677892,4.0,48.0,7.0,10.0,0.5792207792207792,0.6597402597402597,0.1740620638865228,0.3750012692142415,0.8727272727272727,0.2857142857142857,,,,,,,,
TOX21_p53_BLA_p1_ch2,0.7766697422947424,0.021470145426162924,18.0,388.0,51.0,22.0,0.6669134396355353,0.7347949886104784,0.26300686500313547,0.322999263680112,0.8838268792710706,0.45,,,,,,,,
TOX21_ARE_BLA_Agonist_ch1,0.7883487419681023,0.04485955906806395,7.0,357.0,29.0,14.0,0.6291018998272884,0.7384653343202566,0.20115356016653588,0.288062115111919,0.9248704663212435,0.3333333333333333,,,,,,,,
TOX21_ESRE_BLA_ch1,0.8048909657320873,0.16026290741592555,1.0,401.0,0.0,5.0,0.5833333333333334,0.9517871986699917,0.40572665861472945,0.47020574534161486,1.0,0.16666666666666666,,,,,,,,
ATG_FXR_TRANS_up,0.7308912848158131,0.06208808463906309,0.0,133.0,0.0,6.0,0.5,0.7155388471177945,0.0,0.17406389906389905,1.0,0.0,,,,,,,,
ATG_Oct_MLP_CIS_up,0.7128635742118888,0.02444557176767717,16.0,72.0,40.0,11.0,0.6177248677248677,0.6471560846560847,0.18991358871615072,0.3914904294274615,0.6428571428571429,0.5925925925925926,,,,,,,,
BSK_SAg_CD69_down,0.6859273504273504,0.09770191007985964,4.0,39.0,11.0,15.0,0.49526315789473685,0.6484210526315789,-0.01025978352085154,0.36069694656959683,0.78,0.21052631578947367,,,,,,,,
ATG_Myc_CIS_up,0.5759615384615385,0.11847162714917271,1.0,129.0,2.0,7.0,0.5548664122137404,0.5963740458015268,0.17586811854480888,0.16483457427286186,0.9847328244274809,0.125,,,,,,,,
ATG_Myb_CIS_dn,0.6585669781931465,0.18607331099210395,0.0,134.0,1.0,4.0,0.4962962962962963,0.7240740740740741,-0.014652899408795265,0.35774795355035216,0.9925925925925926,0.0,,,,,,,,
TOX21_p53_BLA_p1_viability,0.7224684239249785,0.05764960318257628,10.0,429.0,24.0,16.0,0.6658176260825267,0.7441840719986416,0.2926018043788464,0.30375105103109523,0.9470198675496688,0.38461538461538464,,,,,,,,
ATG_STAT3_CIS_dn,0.624766355140187,0.08360061367087601,1.0,133.0,2.0,3.0,0.6175925925925926,0.6972222222222223,0.2705682043989334,0.36644177911044473,0.9851851851851852,0.25,,,,,,,,
BSK_KF3CT_TIMP2_down,0.6507687872381318,0.07215750409255065,3.0,51.0,4.0,11.0,0.5707792207792207,0.6506493506493507,0.18855422602470223,0.30450131804834385,0.9272727272727272,0.21428571428571427,,,,,,,,
BSK_LPS_MCP1_down,0.7270806712667178,0.10553991852124786,5.0,43.0,10.0,11.0,0.5619103773584906,0.625,0.12669190413922857,0.3646359253241469,0.8113207547169812,0.3125,,,,,,,,
TOX21_VDR_BLA_antagonist_viability,0.7830140020543068,0.10006231085786764,4.0,375.0,16.0,12.0,0.604539641943734,0.8535805626598465,0.18797015243740042,0.23633258572188168,0.959079283887468,0.25,,,,,,,,
ATG_ISRE_CIS_dn,0.68708139563495,0.04772811314495978,9.0,94.0,22.0,14.0,0.6008245877061469,0.6330584707646177,0.18001000268554546,0.3111974180905176,0.8103448275862069,0.391304347826087,,,,,,,,
NVS_NR_hPPARg,0.6037777777777779,0.05104951266249643,7.0,21.0,11.0,4.0,0.6463068181818181,0.7244318181818181,0.2587972374292471,0.4541789167457616,0.65625,0.6363636363636364,,,,,,,,
ATG_E2F_CIS_dn,0.5333333333333334,0.12478414705069431,0.0,133.0,1.0,5.0,0.4962686567164179,0.3835820895522388,-0.016443454456484204,0.03455636400435032,0.9925373134328358,0.0,,,,,,,,
APR_HepG2_StressKinase_72h_up,0.6284615384615384,0.043698205933892675,1.0,40.0,9.0,6.0,0.47959183673469385,0.5889212827988338,-0.035245368842512066,0.17439025586022067,0.8163265306122449,0.14285714285714285,,,,,,,,
Tanguay_ZF_120hpf_BRAI_up,0.6395083236546651,0.1450838447712241,0.0,45.0,7.0,4.0,0.4326923076923077,0.591346153846154,-0.10482848367219183,0.12384321016474355,0.8653846153846154,0.0,,,,,,,,
ATG_BRE_CIS_dn,0.5404811353409483,0.12972677368649727,0.0,134.0,1.0,4.0,0.4962962962962963,0.6222222222222222,-0.014652899408795265,0.04780429365535749,0.9925925925925926,0.0,,,,,,,,
BSK_BE3C_HLADR_down,0.6154006968641115,0.08015585347883561,8.0,44.0,7.0,10.0,0.6535947712418301,0.6655773420479304,0.3270282409000225,0.4792549419286488,0.8627450980392157,0.4444444444444444,,,,,,,,
APR_HepG2_MicrotubuleCSK_72h_up,0.8198717948717948,0.05402290891562078,1.0,47.0,2.0,5.0,0.5629251700680272,0.7380952380952381,0.17276897619316214,0.3112942612942613,0.9591836734693877,0.16666666666666666,,,,,,,,
APR_HepG2_CellCycleArrest_24h_up,0.5105691056910568,0.1892336458663565,1.0,47.0,5.0,3.0,0.5769230769230769,0.5240384615384616,0.12810252304406972,0.3113510520487265,0.9038461538461539,0.25,,,,,,,,
TOX21_MMP_ratio_up,0.7533141628906703,0.14801055856989812,2.0,187.0,2.0,5.0,0.6375661375661376,0.8390022675736961,0.3611111111111111,0.36084956709956706,0.9894179894179894,0.2857142857142857,,,,,,,,
TOX21_p53_BLA_p5_ratio,0.7743691949996458,0.014312809080780968,27.0,356.0,57.0,39.0,0.6355381906229364,0.7314916721696383,0.24569735551508345,0.32238556053800976,0.8619854721549637,0.4090909090909091,,,,,,,,
TOX21_HSE_BLA_agonist_viability,0.7547054685717666,0.09449086764137865,1.0,390.0,8.0,8.0,0.5455053042992741,0.6524288107202679,0.0910106085985483,0.09534085627639774,0.9798994974874372,0.1111111111111111,,,,,,,,
ATG_NFI_CIS_up,0.6109009922116717,0.0814470836994097,2.0,124.0,6.0,7.0,0.588034188034188,0.6529914529914529,0.18603456716798433,0.14782523530854152,0.9538461538461539,0.2222222222222222,,,,,,,,
TOX21_AhR_LUC_Agonist,0.8391302187308254,0.04236672605090195,30.0,359.0,71.0,19.0,0.7235643094447082,0.8194114855244423,0.33216827349907524,0.4743828210968213,0.8348837209302326,0.6122448979591837,,,,,,,,
OT_ER_ERaERb_0480,0.8468850846123572,0.04532406964205257,11.0,52.0,17.0,3.0,0.7696687370600415,0.8250517598343685,0.42715825104910093,0.6637336005844,0.7536231884057971,0.7857142857142857,,,,,,,,
APR_HepG2_CellLoss_72h_dn,0.6479754385964912,0.03606079064205001,12.0,23.0,8.0,13.0,0.6109677419354839,0.6425806451612903,0.23025620761871635,0.6272356126640191,0.7419354838709677,0.48,,,,,,,,
TOX21_VDR_BLA_agonist_ch2,0.6972407654650645,0.14104936780367097,1.0,399.0,3.0,4.0,0.5962686567164179,0.66318407960199,0.2149960186291118,0.2268315086400706,0.9925373134328358,0.2,,,,,,,,
CEETOX_H295R_PROG_up,0.4743589743589743,0.08329190291611327,1.0,14.0,3.0,6.0,0.4831932773109243,0.47058823529411764,-0.040996003084539386,0.300556586270872,0.8235294117647058,0.14285714285714285,,,,,,,,
BSK_3C_Eselectin_down,0.7086452991452992,0.027564763789856082,8.0,36.0,13.0,12.0,0.5673469387755102,0.5816326530612245,0.13280995431448117,0.33074192432019256,0.7346938775510204,0.4,,,,,,,,
Tanguay_ZF_120hpf_JAW_up,0.5226752136752136,0.12396222316027533,0.0,47.0,2.0,7.0,0.47959183673469385,0.6880466472303207,-0.07273929674533079,0.2621822413175796,0.9591836734693877,0.0,,,,,,,,
TOX21_AR_BLA_Antagonist_ch2,0.7640228813923815,0.009542103732924617,2.0,461.0,6.0,10.0,0.5769093504639543,0.684243397573162,0.18758700755478547,0.1182638606929504,0.987152034261242,0.16666666666666666,,,,,,,,
BSK_3C_MIG_down,0.6710486322188449,0.05552273359901382,2.0,57.0,3.0,7.0,0.586111111111111,0.7222222222222222,0.22372322931098,0.4311093196488734,0.95,0.2222222222222222,,,,,,,,
BSK_CASM3C_MCSF_down,0.7308362855609233,0.04171645662442597,3.0,49.0,8.0,9.0,0.5548245614035088,0.4415204678362573,0.11353319850966213,0.2093124018445181,0.8596491228070176,0.25,,,,,,,,
OT_FXR_FXRSRC1_1440,0.6213868003341688,0.11451160850821149,1.0,61.0,10.0,7.0,0.4920774647887324,0.5985915492957746,-0.013807579188688154,0.15090175401224162,0.8591549295774648,0.125,,,,,,,,
NCCT_QuantiLum_inhib_2_dn,0.45392857142857135,0.1568727837924239,3.0,13.0,5.0,2.0,0.6611111111111111,0.6,0.2790526301083191,0.3318115942028985,0.7222222222222222,0.6,,,,,,,,
p_np,0.8361780387080868,0.02505356558037353,70.0,33.0,17.0,10.0,0.7675000000000001,0.8585,0.5532098746983641,0.8982439440039245,0.66,0.875,,,,,,,,
"Pregnancy, puerperium and perinatal conditions",0.6124444444444445,0.10334915052181243,8.0,152.0,36.0,11.0,0.6147816349384099,0.7063269876819708,0.1620085693215078,0.32309117029018297,0.8085106382978723,0.42105263157894735,,,,,,,,
Psychiatric disorders,0.6633530901299498,0.022291205638268776,102.0,25.0,31.0,49.0,0.5609626300851467,0.5741485335856197,0.11301458582853437,0.7751860848492214,0.44642857142857145,0.6754966887417219,,,,,,,,
Metabolism and nutrition disorders,0.6239772798008093,0.03547822446053597,116.0,22.0,35.0,34.0,0.5796491228070175,0.6465497076023393,0.16018120745029993,0.8056950946452321,0.38596491228070173,0.7733333333333333,,,,,,,,
Infections and infestations,0.6193325820185325,0.03205427794817982,122.0,22.0,34.0,29.0,0.6004020813623463,0.6821192052980133,0.20701785841730241,0.8528477043615911,0.39285714285714285,0.8079470198675497,,,,,,,,
Gastrointestinal disorders,0.6791566334135993,0.0670285605277884,180.0,6.0,10.0,11.0,0.6587041884816753,0.7238219895287958,0.3087406386214201,0.9563107370528111,0.375,0.9424083769633508,,,,,,,,
"Congenital, familial and genetic disorders",0.583425160697888,0.014021049298708226,23.0,105.0,61.0,18.0,0.5967528651190126,0.6664707610931531,0.15705349441746858,0.32130388333240023,0.6325301204819277,0.5609756097560976,,,,,,,,
Blood and lymphatic system disorders,0.7222214689981985,0.04020527881632966,102.0,38.0,29.0,38.0,0.6478678038379531,0.6676972281449894,0.2870533328131981,0.8064730754852036,0.5671641791044776,0.7285714285714285,,,,,,,,
Reproductive system and breast disorders,0.7054223338916609,0.028913105799568305,83.0,53.0,39.0,32.0,0.6489130434782608,0.7201323251417769,0.3008265694373753,0.7736309981204044,0.5760869565217391,0.7217391304347827,,,,,,,,
Skin and subcutaneous tissue disorders,0.5391699292344454,0.018787070184980516,169.0,3.0,9.0,26.0,0.5583333333333333,0.676923076923077,0.07854991478510334,0.9730685532448681,0.25,0.8666666666666667,,,,,,,,
Eye disorders,0.6463542586069739,0.03850031872064641,87.0,37.0,35.0,48.0,0.5791666666666666,0.6186213991769547,0.1532908065074074,0.7408782118465309,0.5138888888888888,0.6444444444444445,,,,,,,,
Vascular disorders,0.637379552643136,0.03728253148590036,137.0,13.0,31.0,26.0,0.5679726715002789,0.6292526491912995,0.14223207006872737,0.859745506146722,0.29545454545454547,0.8404907975460123,,,,,,,,
"Injury, poisoning and procedural complications",0.5751501293728781,0.03545926178992853,101.0,24.0,40.0,42.0,0.5406468531468531,0.595388986013986,0.08061825726549687,0.7874613955310732,0.375,0.7062937062937062,,,,,,,,
Cardiac disorders,0.677412479875534,0.0367133512232578,105.0,27.0,33.0,42.0,0.5821428571428572,0.6456916099773242,0.15811388300841897,0.8274907498703529,0.45,0.7142857142857143,,,,,,,,
Renal and urinary disorders,0.635131649784106,0.029809619510157176,101.0,26.0,38.0,42.0,0.5562718531468531,0.572333916083916,0.11074327494559082,0.7274746604523665,0.40625,0.7062937062937062,,,,,,,,
"Respiratory, thoracic and mediastinal disorders",0.5450862352462351,0.05257111449991712,112.0,25.0,25.0,45.0,0.6066878980891719,0.6249681528662421,0.19305038826333992,0.8458214290270211,0.5,0.7133757961783439,,,,,,,,
Ear and labyrinth disorders,0.5913433274544386,0.02553354654264492,75.0,55.0,50.0,27.0,0.6295518207282913,0.6603174603174604,0.2648538676772748,0.6526539736555772,0.5238095238095238,0.7352941176470589,,,,,,,,
Endocrine disorders,0.6369628638867034,0.061700322974571876,28.0,111.0,45.0,23.0,0.6302790346907994,0.7148064353946707,0.23498388818558175,0.5218361441545868,0.7115384615384616,0.5490196078431373,,,,,,,,
Investigations,0.6927448305198279,0.05098164426872311,118.0,13.0,20.0,56.0,0.5360501567398119,0.5916057122953675,0.05598925109558543,0.8925282206237082,0.3939393939393939,0.6781609195402298,,,,,,,,
"Neoplasms benign, malignant and unspecified (incl cysts and polyps)",0.6624233345512117,0.03417965457236481,27.0,104.0,46.0,30.0,0.5835087719298245,0.6550877192982455,0.15614616447805635,0.4148205635956493,0.6933333333333334,0.47368421052631576,,,,,,,,
Nervous system disorders,0.7131612903225807,0.06575659085121893,183.0,2.0,11.0,11.0,0.5485725614591594,0.7085646312450435,0.0971451229183188,0.9731571436660966,0.15384615384615385,0.9432989690721649,,,,,,,,
Hepatobiliary disorders,0.7033617516971933,0.017398715363652555,78.0,53.0,35.0,41.0,0.6288674560733385,0.663483575248281,0.2559086225801911,0.7284193601580459,0.6022727272727273,0.6554621848739496,,,,,,,,
Surgical and medical procedures,0.5835428571428573,0.045345512569647764,10.0,145.0,31.0,21.0,0.5732221407624634,0.5511363636363636,0.13111839549709958,0.23306195898362142,0.8238636363636364,0.3225806451612903,,,,,,,,
Social circumstances,0.604176560447464,0.031555011319965146,24.0,97.0,71.0,15.0,0.5963827838827839,0.628968253968254,0.15126748705469184,0.33503308633216206,0.5773809523809523,0.6153846153846154,,,,,,,,
General disorders and administration site conditions,0.6345141700404857,0.04674031644872858,174.0,2.0,14.0,17.0,0.5179973821989529,0.5301047120418849,0.03329356378691167,0.9384431901370052,0.125,0.9109947643979057,,,,,,,,
Immune system disorders,0.6203498622589532,0.05001597331263112,92.0,31.0,24.0,60.0,0.5844497607655502,0.6416267942583732,0.15030792078204436,0.8418472207308236,0.5636363636363636,0.6052631578947368,,,,,,,,
Musculoskeletal and connective tissue disorders,0.6151573228325147,0.021087459934004953,103.0,26.0,31.0,47.0,0.5714035087719298,0.6307602339181287,0.13351153139195154,0.843980266333718,0.45614035087719296,0.6866666666666666,,,,,,,,
SR-HSE,0.7202458167474459,0.03177591583055016,12.0,309.0,46.0,11.0,0.696080832823025,0.7604409063074096,0.2601083218276169,0.34547251845349813,0.8704225352112676,0.5217391304347826,,,,,,,,
NR-ER,0.6664953886693017,0.021878158772627176,17.0,261.0,56.0,39.0,0.5634576385759351,0.5770335736818386,0.11426559612446217,0.34693874221814525,0.8233438485804416,0.30357142857142855,,,,,,,,
NR-AhR,0.8532116304747884,0.024455773373386426,28.0,308.0,37.0,20.0,0.7380434782608696,0.8227657004830917,0.41958779721209244,0.469081854189965,0.8927536231884058,0.5833333333333334,,,,,,,,
NR-Aromatase,0.7999528363348689,0.04784559820200219,11.0,314.0,12.0,14.0,0.7015950920245398,0.881840490797546,0.41907129572356405,0.4987834783908794,0.9631901840490797,0.44,,,,,,,,
SR-p53,0.8139789384680427,0.04385096153232607,21.0,312.0,56.0,17.0,0.700228832951945,0.7754576659038901,0.29752879804383336,0.36733025280990395,0.8478260869565217,0.5526315789473685,,,,,,,,
NR-PPAR-gamma,0.7755718077902378,0.06854185117924215,3.0,364.0,3.0,9.0,0.6209128065395095,0.7811080835603996,0.33923129598501467,0.3198000223955435,0.9918256130790191,0.25,,,,,,,,
SR-ATAD5,0.8177121649575163,0.048552467851888444,5.0,395.0,9.0,13.0,0.6277502750275028,0.754950495049505,0.2882867453585142,0.25248816586932776,0.9777227722772277,0.2777777777777778,,,,,,,,
SR-MMP,0.8509932533733133,0.022484960324422373,37.0,255.0,35.0,21.0,0.7586206896551724,0.8780618311533889,0.4758668672668006,0.6258425230325794,0.8793103448275862,0.6379310344827587,,,,,,,,
NR-ER-LBD,0.675287145865924,0.020584617025561816,17.0,342.0,47.0,10.0,0.7544035037608303,0.8172902980100923,0.34741490589938095,0.5032116542594919,0.8791773778920309,0.6296296296296297,,,,,,,,
NR-AR-LBD,0.8198619489139325,0.057849921640127255,11.0,359.0,17.0,11.0,0.7273936170212766,0.7431092843326886,0.4063812395045368,0.4684572479863795,0.9547872340425532,0.5,,,,,,,,
NR-AR,0.8121430832541943,0.038552875471548745,15.0,385.0,22.0,15.0,0.722972972972973,0.6642915642915642,0.40505052034547523,0.46688945507290047,0.9459459459459459,0.5,,,,,,,,
SR-ARE,0.7297852388267134,0.04181430199505546,32.0,212.0,59.0,30.0,0.6492084275681467,0.7311331984287585,0.26066064182355303,0.3608098524795188,0.7822878228782287,0.5161290322580645,,,,,,,,
HIV_active,0.5959903490068454,0.10614270338370654,1.0,163.0,4.0,6.0,0.5594525235243798,0.7844311377245509,0.1398553840559631,0.2117013649949405,0.9760479041916168,0.14285714285714285,,,,,,,,
DILIst Classification ,0.6241045972283296,0.040882529981188596,81.0,39.0,26.0,29.0,0.6681818181818182,0.7034965034965035,0.3334384777611857,0.7784692980915509,0.6,0.7363636363636363,,,,,,,,
human_VDss_L_per_kg,,,,,,,,,,,,,0.3179240060388161,0.05845186569798063,0.3876570877277396,0.5447044341570866,2.15915132122265,43.82716049382716,61.72839506172839,82.09876543209876
fraction_unbound_in_plasma_fu,,,,,,,,,,,,,0.24463296307515456,0.027416594745976148,0.3654439040822813,0.29654912656770616,2.276549855233574,43.51145038167939,58.778625954198475,67.93893129770993
MRT_h,,,,,,,,,,,,,0.12860522383049502,0.02227787168607144,0.23339489155239562,0.5682123602875625,2.1580788599749225,45.962732919254655,65.21739130434783,78.26086956521739
human_CL_mL_per_min_per_kg,,,,,,,,,,,,,0.11680706444617642,0.03525469429376459,0.09657891782235287,0.6953987585046519,2.226440521733731,43.373493975903614,66.26506024096386,79.51807228915662
terminal_t1_per_2_h,,,,,,,,,,,,,0.14705281282249852,0.011074006920929597,0.19802758640441004,0.6017557674425252,2.429353715162219,39.02439024390244,64.63414634146342,84.14634146341463
CT_TOX,0.7042618801906727,0.02331139756159886,8.0,179.0,12.0,9.0,0.7038805050816138,0.7600862334462581,0.3789247025129112,0.40797737607366547,0.93717277486911,0.47058823529411764,,,,,,,,
